,try
0,a
1,abandon
2,ability
3,able
4,abortion
5,about
6,above
7,abroad
8,absence
9,absolute
10,absolutely
11,absorb
12,abuse
13,academic
14,accept
15,access
16,accident
17,accompany
18,accomplish
19,according
20,account
21,accurate
22,accuse
23,achieve
24,achievement
25,acid
26,acknowledge
27,acquire
28,across
29,act
30,action
31,active
32,activist
33,activity
34,actor
35,actress
36,actual
37,actually
38,ad
39,adapt
40,add
41,addition
42,additional
43,address
44,adequate
45,adjust
46,adjustment
47,administration
48,administrator
49,admire
50,admission
51,admit
52,adolescent
53,adopt
54,adult
55,advance
56,advanced
57,advantage
58,adventure
59,advertising
60,advice
61,advise
62,adviser
63,advocate
64,affair
65,affect
66,afford
67,afraid
68,African
69,African-American
70,after
71,afternoon
72,again
73,against
74,age
75,agency
76,agenda
77,agent
78,aggressive
79,ago
80,agree
81,agreement
82,agricultural
83,ah
84,ahead
85,aid
86,aide
87,AIDS
88,aim
89,air
90,aircraft
91,airline
92,airport
93,album
94,alcohol
95,alive
96,all
97,alliance
98,allow
99,ally
100,almost
101,alone
102,along
103,already
104,also
105,alter
106,alternative
107,although
108,always
109,AM
110,amazing
111,American
112,among
113,amount
114,analysis
115,analyst
116,analyze
117,ancient
118,and
119,anger
120,angle
121,angry
122,animal
123,anniversary
124,announce
125,annual
126,another
127,answer
128,anticipate
129,anxiety
130,any
131,anybody
132,anymore
133,anyone
134,anything
135,anyway
136,anywhere
137,apart
138,apartment
139,apparent
140,apparently
141,appeal
142,appear
143,appearance
144,apple
145,application
146,apply
147,appoint
148,appointment
149,appreciate
150,approach
151,appropriate
152,approval
153,approve
154,approximately
155,Arab
156,architect
157,area
158,argue
159,argument
160,arise
161,arm
162,armed
163,army
164,around
165,arrange
166,arrangement
167,arrest
168,arrival
169,arrive
170,art
171,article
172,artist
173,artistic
174,as
175,Asian
176,aside
177,ask
178,asleep
179,aspect
180,assault
181,assert
182,assess
183,assessment
184,asset
185,assign
186,assignment
187,assist
188,assistance
189,assistant
190,associate
191,association
192,assume
193,assumption
194,assure
195,at
196,athlete
197,athletic
198,atmosphere
199,attach
200,attack
201,attempt
202,attend
203,attention
204,attitude
205,attorney
206,attract
207,attractive
208,attribute
209,audience
210,author
211,authority
212,auto
213,available
214,average
215,avoid
216,award
217,aware
218,awareness
219,away
220,awful
221,baby
222,back
223,background
224,bad
225,badly
226,bag
227,bake
228,balance
229,ball
230,ban
231,band
232,bank
233,bar
234,barely
235,barrel
236,barrier
237,base
238,baseball
239,basic
240,basically
241,basis
242,basket
243,basketball
244,bathroom
245,battery
246,battle
247,be
248,beach
249,bean
250,bear
251,beat
252,beautiful
253,beauty
254,because
255,become
256,bed
257,bedroom
258,beer
259,before
260,begin
261,beginning
262,behavior
263,behind
264,being
265,belief
266,believe
267,bell
268,belong
269,below
270,belt
271,bench
272,bend
273,beneath
274,benefit
275,beside
276,besides
277,best
278,bet
279,better
280,between
281,beyond
282,Bible
283,big
284,bike
285,bill
286,billion
287,bind
288,biological
289,bird
290,birth
291,birthday
292,bit
293,bite
294,black
295,blade
296,blame
297,blanket
298,blind
299,block
300,blood
301,blow
302,blue
303,board
304,boat
305,body
306,bomb
307,bombing
308,bond
309,bone
310,book
311,boom
312,boot
313,border
314,born
315,borrow
316,boss
317,both
318,bother
319,bottle
320,bottom
321,boundary
322,bowl
323,box
324,boy
325,boyfriend
326,brain
327,branch
328,brand
329,bread
330,break
331,breakfast
332,breast
333,breath
334,breathe
335,brick
336,bridge
337,brief
338,briefly
339,bright
340,brilliant
341,bring
342,British
343,broad
344,broken
345,brother
346,brown
347,brush
348,buck
349,budget
350,build
351,building
352,bullet
353,bunch
354,burden
355,burn
356,bury
357,bus
358,business
359,busy
360,but
361,butter
362,button
363,buy
364,buyer
365,by
366,cabin
367,cabinet
368,cable
369,cake
370,calculate
371,call
372,camera
373,camp
374,campaign
375,campus
376,can
377,Canadian
378,cancer
379,candidate
380,cap
381,capability
382,capable
383,capacity
384,capital
385,captain
386,capture
387,car
388,carbon
389,card
390,care
391,career
392,careful
393,carefully
394,carrier
395,carry
396,case
397,cash
398,cast
399,cat
400,catch
401,category
402,Catholic
403,cause
404,ceiling
405,celebrate
406,celebration
407,celebrity
408,cell
409,center
410,central
411,century
412,CEO
413,ceremony
414,certain
415,certainly
416,chain
417,chair
418,chairman
419,challenge
420,chamber
421,champion
422,championship
423,chance
424,change
425,changing
426,channel
427,chapter
428,character
429,characteristic
430,characterize
431,charge
432,charity
433,chart
434,chase
435,cheap
436,check
437,cheek
438,cheese
439,chef
440,chemical
441,chest
442,chicken
443,chief
444,child
445,childhood
446,Chinese
447,chip
448,chocolate
449,choice
450,cholesterol
451,choose
452,Christian
453,Christmas
454,church
455,cigarette
456,circle
457,circumstance
458,cite
459,citizen
460,city
461,civil
462,civilian
463,claim
464,class
465,classic
466,classroom
467,clean
468,clear
469,clearly
470,client
471,climate
472,climb
473,clinic
474,clinical
475,clock
476,close
477,closely
478,closer
479,clothes
480,clothing
481,cloud
482,club
483,clue
484,cluster
485,coach
486,coal
487,coalition
488,coast
489,coat
490,code
491,coffee
492,cognitive
493,cold
494,collapse
495,colleague
496,collect
497,collection
498,collective
499,college
500,colonial
501,color
502,column
503,combination
504,combine
505,come
506,comedy
507,comfort
508,comfortable
509,command
510,commander
511,comment
512,commercial
513,commission
514,commit
515,commitment
516,committee
517,common
518,communicate
519,communication
520,community
521,company
522,compare
523,comparison
524,compete
525,competition
526,competitive
527,competitor
528,complain
529,complaint
530,complete
531,completely
532,complex
533,complicated
534,component
535,compose
536,composition
537,comprehensive
538,computer
539,concentrate
540,concentration
541,concept
542,concern
543,concerned
544,concert
545,conclude
546,conclusion
547,concrete
548,condition
549,conduct
550,conference
551,confidence
552,confident
553,confirm
554,conflict
555,confront
556,confusion
557,Congress
558,congressional
559,connect
560,connection
561,consciousness
562,consensus
563,consequence
564,conservative
565,consider
566,considerable
567,consideration
568,consist
569,consistent
570,constant
571,constantly
572,constitute
573,constitutional
574,construct
575,construction
576,consultant
577,consume
578,consumer
579,consumption
580,contact
581,contain
582,container
583,contemporary
584,content
585,contest
586,context
587,continue
588,continued
589,contract
590,contrast
591,contribute
592,contribution
593,control
594,controversial
595,controversy
596,convention
597,conventional
598,conversation
599,convert
600,conviction
601,convince
602,cook
603,cookie
604,cooking
605,cool
606,cooperation
607,cop
608,cope
609,copy
610,core
611,corn
612,corner
613,corporate
614,corporation
615,correct
616,correspondent
617,cost
618,cotton
619,couch
620,could
621,council
622,counselor
623,count
624,counter
625,country
626,county
627,couple
628,courage
629,course
630,court
631,cousin
632,cover
633,coverage
634,cow
635,crack
636,craft
637,crash
638,crazy
639,cream
640,create
641,creation
642,creative
643,creature
644,credit
645,crew
646,crime
647,criminal
648,crisis
649,criteria
650,critic
651,critical
652,criticism
653,criticize
654,crop
655,cross
656,crowd
657,crucial
658,cry
659,cultural
660,culture
661,cup
662,curious
663,current
664,currently
665,curriculum
666,custom
667,customer
668,cut
669,cycle
670,dad
671,daily
672,damage
673,dance
674,danger
675,dangerous
676,dare
677,dark
678,darkness
679,data
680,date
681,daughter
682,day
683,dead
684,deal
685,dealer
686,dear
687,death
688,debate
689,debt
690,decade
691,decide
692,decision
693,deck
694,declare
695,decline
696,decrease
697,deep
698,deeply
699,deer
700,defeat
701,defend
702,defendant
703,defense
704,defensive
705,deficit
706,define
707,definitely
708,definition
709,degree
710,delay
711,deliver
712,delivery
713,demand
714,democracy
715,Democrat
716,democratic
717,demonstrate
718,demonstration
719,deny
720,department
721,depend
722,dependent
723,depending
724,depict
725,depression
726,depth
727,deputy
728,derive
729,describe
730,description
731,desert
732,deserve
733,design
734,designer
735,desire
736,desk
737,desperate
738,despite
739,destroy
740,destruction
741,detail
742,detailed
743,detect
744,determine
745,develop
746,developing
747,development
748,device
749,devote
750,dialogue
751,die
752,diet
753,differ
754,difference
755,different
756,differently
757,difficult
758,difficulty
759,dig
760,digital
761,dimension
762,dining
763,dinner
764,direct
765,direction
766,directly
767,director
768,dirt
769,dirty
770,disability
771,disagree
772,disappear
773,disaster
774,discipline
775,discourse
776,discover
777,discovery
778,discrimination
779,discuss
780,discussion
781,disease
782,dish
783,dismiss
784,disorder
785,display
786,dispute
787,distance
788,distant
789,distinct
790,distinction
791,distinguish
792,distribute
793,distribution
794,district
795,diverse
796,diversity
797,divide
798,division
799,divorce
800,DNA
801,do
802,doctor
803,document
804,dog
805,domestic
806,dominant
807,dominate
808,door
809,double
810,doubt
811,down
812,downtown
813,dozen
814,draft
815,drag
816,drama
817,dramatic
818,dramatically
819,draw
820,drawing
821,dream
822,dress
823,drink
824,drive
825,driver
826,drop
827,drug
828,dry
829,due
830,during
831,dust
832,duty
833,each
834,eager
835,ear
836,early
837,earn
838,earnings
839,earth
840,ease
841,easily
842,east
843,eastern
844,easy
845,eat
846,economic
847,economics
848,economist
849,economy
850,edge
851,edition
852,editor
853,educate
854,education
855,educational
856,educator
857,effect
858,effective
859,effectively
860,efficiency
861,efficient
862,effort
863,egg
864,eight
865,either
866,elderly
867,elect
868,election
869,electric
870,electricity
871,electronic
872,element
873,elementary
874,eliminate
875,elite
876,else
877,elsewhere
878,e-mail
879,embrace
880,emerge
881,emergency
882,emission
883,emotion
884,emotional
885,emphasis
886,emphasize
887,employ
888,employee
889,employer
890,employment
891,empty
892,enable
893,encounter
894,encourage
895,end
896,enemy
897,energy
898,enforcement
899,engage
900,engine
901,engineer
902,engineering
903,English
904,enhance
905,enjoy
906,enormous
907,enough
908,ensure
909,enter
910,enterprise
911,entertainment
912,entire
913,entirely
914,entrance
915,entry
916,environment
917,environmental
918,episode
919,equal
920,equally
921,equipment
922,era
923,error
924,escape
925,especially
926,essay
927,essential
928,essentially
929,establish
930,establishment
931,estate
932,estimate
933,etc
934,ethics
935,ethnic
936,European
937,evaluate
938,evaluation
939,even
940,evening
941,event
942,eventually
943,ever
944,every
945,everybody
946,everyday
947,everyone
948,everything
949,everywhere
950,evidence
951,evolution
952,evolve
953,exact
954,exactly
955,examination
956,examine
957,example
958,exceed
959,excellent
960,except
961,exception
962,exchange
963,exciting
964,executive
965,exercise
966,exhibit
967,exhibition
968,exist
969,existence
970,existing
971,expand
972,expansion
973,expect
974,expectation
975,expense
976,expensive
977,experience
978,experiment
979,expert
980,explain
981,explanation
982,explode
983,explore
984,explosion
985,expose
986,exposure
987,express
988,expression
989,extend
990,extension
991,extensive
992,extent
993,external
994,extra
995,extraordinary
996,extreme
997,extremely
998,eye
999,fabric
1000,face
1001,facility
1002,fact
1003,factor
1004,factory
1005,faculty
1006,fade
1007,fail
1008,failure
1009,fair
1010,fairly
1011,faith
1012,fall
1013,FALSE
1014,familiar
1015,family
1016,famous
1017,fan
1018,fantasy
1019,far
1020,farm
1021,farmer
1022,fashion
1023,fast
1024,fat
1025,fate
1026,father
1027,fault
1028,favor
1029,favorite
1030,fear
1031,feature
1032,federal
1033,fee
1034,feed
1035,feel
1036,feeling
1037,fellow
1038,female
1039,fence
1040,few
1041,fewer
1042,fiber
1043,fiction
1044,field
1045,fifteen
1046,fifth
1047,fifty
1048,fight
1049,fighter
1050,fighting
1051,figure
1052,file
1053,fill
1054,film
1055,final
1056,finally
1057,finance
1058,financial
1059,find
1060,finding
1061,fine
1062,finger
1063,finish
1064,fire
1065,firm
1066,first
1067,fish
1068,fishing
1069,fit
1070,fitness
1071,five
1072,fix
1073,flag
1074,flame
1075,flat
1076,flavor
1077,flee
1078,flesh
1079,flight
1080,float
1081,floor
1082,flow
1083,flower
1084,fly
1085,focus
1086,folk
1087,follow
1088,following
1089,food
1090,foot
1091,football
1092,for
1093,force
1094,foreign
1095,forest
1096,forever
1097,forget
1098,form
1099,formal
1100,formation
1101,former
1102,formula
1103,forth
1104,fortune
1105,forward
1106,found
1107,foundation
1108,founder
1109,four
1110,fourth
1111,frame
1112,framework
1113,free
1114,freedom
1115,freeze
1116,French
1117,frequency
1118,frequent
1119,frequently
1120,fresh
1121,friend
1122,friendly
1123,friendship
1124,from
1125,front
1126,fruit
1127,frustration
1128,fuel
1129,full
1130,fully
1131,fun
1132,function
1133,fund
1134,fundamental
1135,funding
1136,funeral
1137,funny
1138,furniture
1139,furthermore
1140,future
1141,gain
1142,galaxy
1143,gallery
1144,game
1145,gang
1146,gap
1147,garage
1148,garden
1149,garlic
1150,gas
1151,gate
1152,gather
1153,gay
1154,gaze
1155,gear
1156,gender
1157,gene
1158,general
1159,generally
1160,generate
1161,generation
1162,genetic
1163,gentleman
1164,gently
1165,German
1166,gesture
1167,get
1168,ghost
1169,giant
1170,gift
1171,gifted
1172,girl
1173,girlfriend
1174,give
1175,given
1176,glad
1177,glance
1178,glass
1179,global
1180,glove
1181,go
1182,goal
1183,God
1184,gold
1185,golden
1186,golf
1187,good
1188,government
1189,governor
1190,grab
1191,grade
1192,gradually
1193,graduate
1194,grain
1195,grand
1196,grandfather
1197,grandmother
1198,grant
1199,grass
1200,grave
1201,gray
1202,great
1203,greatest
1204,green
1205,grocery
1206,ground
1207,group
1208,grow
1209,growing
1210,growth
1211,guarantee
1212,guard
1213,guess
1214,guest
1215,guide
1216,guideline
1217,guilty
1218,gun
1219,guy
1220,habit
1221,habitat
1222,hair
1223,half
1224,hall
1225,hand
1226,handful
1227,handle
1228,hang
1229,happen
1230,happy
1231,hard
1232,hardly
1233,hat
1234,hate
1235,have
1236,he
1237,head
1238,headline
1239,headquarters
1240,health
1241,healthy
1242,hear
1243,hearing
1244,heart
1245,heat
1246,heaven
1247,heavily
1248,heavy
1249,heel
1250,height
1251,helicopter
1252,hell
1253,hello
1254,help
1255,helpful
1256,her
1257,here
1258,heritage
1259,hero
1260,herself
1261,hey
1262,hi
1263,hide
1264,high
1265,highlight
1266,highly
1267,highway
1268,hill
1269,him
1270,himself
1271,hip
1272,hire
1273,his
1274,historian
1275,historic
1276,historical
1277,history
1278,hit
1279,hold
1280,hole
1281,holiday
1282,holy
1283,home
1284,homeless
1285,honest
1286,honey
1287,honor
1288,hope
1289,horizon
1290,horror
1291,horse
1292,hospital
1293,host
1294,hot
1295,hotel
1296,hour
1297,house
1298,household
1299,housing
1300,how
1301,however
1302,huge
1303,human
1304,humor
1305,hundred
1306,hungry
1307,hunter
1308,hunting
1309,hurt
1310,husband
1311,hypothesis
1312,I
1313,ice
1314,idea
1315,ideal
1316,identification
1317,identify
1318,identity
1319,ie
1320,if
1321,ignore
1322,ill
1323,illegal
1324,illness
1325,illustrate
1326,image
1327,imagination
1328,imagine
1329,immediate
1330,immediately
1331,immigrant
1332,immigration
1333,impact
1334,implement
1335,implication
1336,imply
1337,importance
1338,important
1339,impose
1340,impossible
1341,impress
1342,impression
1343,impressive
1344,improve
1345,improvement
1346,in
1347,incentive
1348,incident
1349,include
1350,including
1351,income
1352,incorporate
1353,increase
1354,increased
1355,increasing
1356,increasingly
1357,incredible
1358,indeed
1359,independence
1360,independent
1361,index
1362,Indian
1363,indicate
1364,indication
1365,individual
1366,industrial
1367,industry
1368,infant
1369,infection
1370,inflation
1371,influence
1372,inform
1373,information
1374,ingredient
1375,initial
1376,initially
1377,initiative
1378,injury
1379,inner
1380,innocent
1381,inquiry
1382,inside
1383,insight
1384,insist
1385,inspire
1386,install
1387,instance
1388,instead
1389,institution
1390,institutional
1391,instruction
1392,instructor
1393,instrument
1394,insurance
1395,intellectual
1396,intelligence
1397,intend
1398,intense
1399,intensity
1400,intention
1401,interaction
1402,interest
1403,interested
1404,interesting
1405,internal
1406,international
1407,Internet
1408,interpret
1409,interpretation
1410,intervention
1411,interview
1412,into
1413,introduce
1414,introduction
1415,invasion
1416,invest
1417,investigate
1418,investigation
1419,investigator
1420,investment
1421,investor
1422,invite
1423,involve
1424,involved
1425,involvement
1426,Iraqi
1427,Irish
1428,iron
1429,Islamic
1430,island
1431,Israeli
1432,issue
1433,it
1434,Italian
1435,item
1436,its
1437,itself
1438,jacket
1439,jail
1440,Japanese
1441,jet
1442,Jew
1443,Jewish
1444,job
1445,join
1446,joint
1447,joke
1448,journal
1449,journalist
1450,journey
1451,joy
1452,judge
1453,judgment
1454,juice
1455,jump
1456,junior
1457,jury
1458,just
1459,justice
1460,justify
1461,keep
1462,key
1463,kick
1464,kid
1465,kill
1466,killer
1467,killing
1468,kind
1469,king
1470,kiss
1471,kitchen
1472,knee
1473,knife
1474,knock
1475,know
1476,knowledge
1477,lab
1478,label
1479,labor
1480,laboratory
1481,lack
1482,lady
1483,lake
1484,land
1485,landscape
1486,language
1487,lap
1488,large
1489,largely
1490,last
1491,late
1492,later
1493,Latin
1494,latter
1495,laugh
1496,launch
1497,law
1498,lawn
1499,lawsuit
1500,lawyer
1501,lay
1502,layer
1503,lead
1504,leader
1505,leadership
1506,leading
1507,leaf
1508,league
1509,lean
1510,learn
1511,learning
1512,least
1513,leather
1514,leave
1515,left
1516,leg
1517,legacy
1518,legal
1519,legend
1520,legislation
1521,legitimate
1522,lemon
1523,length
1524,less
1525,lesson
1526,let
1527,letter
1528,level
1529,liberal
1530,library
1531,license
1532,lie
1533,life
1534,lifestyle
1535,lifetime
1536,lift
1537,light
1538,like
1539,likely
1540,limit
1541,limitation
1542,limited
1543,line
1544,link
1545,lip
1546,list
1547,listen
1548,literally
1549,literary
1550,literature
1551,little
1552,live
1553,living
1554,load
1555,loan
1556,local
1557,locate
1558,location
1559,lock
1560,long
1561,long-term
1562,look
1563,loose
1564,lose
1565,loss
1566,lost
1567,lot
1568,lots
1569,loud
1570,love
1571,lovely
1572,lover
1573,low
1574,lower
1575,luck
1576,lucky
1577,lunch
1578,lung
1579,machine
1580,mad
1581,magazine
1582,mail
1583,main
1584,mainly
1585,maintain
1586,maintenance
1587,major
1588,majority
1589,make
1590,maker
1591,makeup
1592,male
1593,mall
1594,man
1595,manage
1596,management
1597,manager
1598,manner
1599,manufacturer
1600,manufacturing
1601,many
1602,map
1603,margin
1604,mark
1605,market
1606,marketing
1607,marriage
1608,married
1609,marry
1610,mask
1611,mass
1612,massive
1613,master
1614,match
1615,material
1616,math
1617,matter
1618,may
1619,maybe
1620,mayor
1621,me
1622,meal
1623,mean
1624,meaning
1625,meanwhile
1626,measure
1627,measurement
1628,meat
1629,mechanism
1630,media
1631,medical
1632,medication
1633,medicine
1634,medium
1635,meet
1636,meeting
1637,member
1638,membership
1639,memory
1640,mental
1641,mention
1642,menu
1643,mere
1644,merely
1645,mess
1646,message
1647,metal
1648,meter
1649,method
1650,Mexican
1651,middle
1652,might
1653,military
1654,milk
1655,million
1656,mind
1657,mine
1658,minister
1659,minor
1660,minority
1661,minute
1662,miracle
1663,mirror
1664,miss
1665,missile
1666,mission
1667,mistake
1668,mix
1669,mixture
1670,mm-hmm
1671,mode
1672,model
1673,moderate
1674,modern
1675,modest
1676,mom
1677,moment
1678,money
1679,monitor
1680,month
1681,mood
1682,moon
1683,moral
1684,more
1685,moreover
1686,morning
1687,mortgage
1688,most
1689,mostly
1690,mother
1691,motion
1692,motivation
1693,motor
1694,mount
1695,mountain
1696,mouse
1697,mouth
1698,move
1699,movement
1700,movie
1701,Mr
1702,Mrs
1703,Ms
1704,much
1705,multiple
1706,murder
1707,muscle
1708,museum
1709,music
1710,musical
1711,musician
1712,Muslim
1713,must
1714,mutual
1715,my
1716,myself
1717,mystery
1718,myth
1719,naked
1720,name
1721,narrative
1722,narrow
1723,nation
1724,national
1725,native
1726,natural
1727,naturally
1728,nature
1729,near
1730,nearby
1731,nearly
1732,necessarily
1733,necessary
1734,neck
1735,need
1736,negative
1737,negotiate
1738,negotiation
1739,neighbor
1740,neighborhood
1741,neither
1742,nerve
1743,nervous
1744,net
1745,network
1746,never
1747,nevertheless
1748,new
1749,newly
1750,news
1751,newspaper
1752,next
1753,nice
1754,night
1755,nine
1756,no
1757,nobody
1758,nod
1759,noise
1760,nomination
1761,none
1762,nonetheless
1763,nor
1764,normal
1765,normally
1766,north
1767,northern
1768,nose
1769,not
1770,note
1771,nothing
1772,notice
1773,notion
1774,novel
1775,now
1776,nowhere
1777,n't
1778,nuclear
1779,number
1780,numerous
1781,nurse
1782,nut
1783,object
1784,objective
1785,obligation
1786,observation
1787,observe
1788,observer
1789,obtain
1790,obvious
1791,obviously
1792,occasion
1793,occasionally
1794,occupation
1795,occupy
1796,occur
1797,ocean
1798,odd
1799,odds
1800,of
1801,off
1802,offense
1803,offensive
1804,offer
1805,office
1806,officer
1807,official
1808,often
1809,oh
1810,oil
1811,ok
1812,okay
1813,old
1814,Olympic
1815,on
1816,once
1817,one
1818,ongoing
1819,onion
1820,online
1821,only
1822,onto
1823,open
1824,opening
1825,operate
1826,operating
1827,operation
1828,operator
1829,opinion
1830,opponent
1831,opportunity
1832,oppose
1833,opposite
1834,opposition
1835,option
1836,or
1837,orange
1838,order
1839,ordinary
1840,organic
1841,organization
1842,organize
1843,orientation
1844,origin
1845,original
1846,originally
1847,other
1848,others
1849,otherwise
1850,ought
1851,our
1852,ourselves
1853,out
1854,outcome
1855,outside
1856,oven
1857,over
1858,overall
1859,overcome
1860,overlook
1861,owe
1862,own
1863,owner
1864,pace
1865,pack
1866,package
1867,page
1868,pain
1869,painful
1870,paint
1871,painter
1872,painting
1873,pair
1874,pale
1875,Palestinian
1876,palm
1877,pan
1878,panel
1879,pant
1880,paper
1881,parent
1882,park
1883,parking
1884,part
1885,participant
1886,participate
1887,participation
1888,particular
1889,particularly
1890,partly
1891,partner
1892,partnership
1893,party
1894,pass
1895,passage
1896,passenger
1897,passion
1898,past
1899,patch
1900,path
1901,patient
1902,pattern
1903,pause
1904,pay
1905,payment
1906,PC
1907,peace
1908,peak
1909,peer
1910,penalty
1911,people
1912,pepper
1913,per
1914,perceive
1915,percentage
1916,perception
1917,perfect
1918,perfectly
1919,perform
1920,performance
1921,perhaps
1922,period
1923,permanent
1924,permission
1925,permit
1926,person
1927,personal
1928,personality
1929,personally
1930,personnel
1931,perspective
1932,persuade
1933,pet
1934,phase
1935,phenomenon
1936,philosophy
1937,phone
1938,photo
1939,photograph
1940,photographer
1941,phrase
1942,physical
1943,physically
1944,physician
1945,piano
1946,pick
1947,picture
1948,pie
1949,piece
1950,pile
1951,pilot
1952,pine
1953,pink
1954,pipe
1955,pitch
1956,place
1957,plan
1958,plane
1959,planet
1960,planning
1961,plant
1962,plastic
1963,plate
1964,platform
1965,play
1966,player
1967,please
1968,pleasure
1969,plenty
1970,plot
1971,plus
1972,PM
1973,pocket
1974,poem
1975,poet
1976,poetry
1977,point
1978,pole
1979,police
1980,policy
1981,political
1982,politically
1983,politician
1984,politics
1985,poll
1986,pollution
1987,pool
1988,poor
1989,pop
1990,popular
1991,population
1992,porch
1993,port
1994,portion
1995,portrait
1996,portray
1997,pose
1998,position
1999,positive
2000,possess
2001,possibility
2002,possible
2003,possibly
2004,post
2005,pot
2006,potato
2007,potential
2008,potentially
2009,pound
2010,pour
2011,poverty
2012,powder
2013,power
2014,powerful
2015,practical
2016,practice
2017,pray
2018,prayer
2019,precisely
2020,predict
2021,prefer
2022,preference
2023,pregnancy
2024,pregnant
2025,preparation
2026,prepare
2027,prescription
2028,presence
2029,present
2030,presentation
2031,preserve
2032,president
2033,presidential
2034,press
2035,pressure
2036,pretend
2037,pretty
2038,prevent
2039,previous
2040,previously
2041,price
2042,pride
2043,priest
2044,primarily
2045,primary
2046,prime
2047,principal
2048,principle
2049,print
2050,prior
2051,priority
2052,prison
2053,prisoner
2054,privacy
2055,private
2056,probably
2057,problem
2058,procedure
2059,proceed
2060,process
2061,produce
2062,producer
2063,product
2064,production
2065,profession
2066,professional
2067,professor
2068,profile
2069,profit
2070,program
2071,progress
2072,project
2073,prominent
2074,promise
2075,promote
2076,prompt
2077,proof
2078,proper
2079,properly
2080,property
2081,proportion
2082,proposal
2083,propose
2084,proposed
2085,prosecutor
2086,prospect
2087,protect
2088,protection
2089,protein
2090,protest
2091,proud
2092,prove
2093,provide
2094,provider
2095,province
2096,provision
2097,psychological
2098,psychologist
2099,psychology
2100,public
2101,publication
2102,publicly
2103,publish
2104,publisher
2105,pull
2106,punishment
2107,purchase
2108,pure
2109,purpose
2110,pursue
2111,push
2112,put
2113,qualify
2114,quality
2115,quarter
2116,quarterback
2117,question
2118,quick
2119,quickly
2120,quiet
2121,quietly
2122,quit
2123,quite
2124,quote
2125,race
2126,racial
2127,radical
2128,radio
2129,rail
2130,rain
2131,raise
2132,range
2133,rank
2134,rapid
2135,rapidly
2136,rare
2137,rarely
2138,rate
2139,rather
2140,rating
2141,ratio
2142,raw
2143,reach
2144,react
2145,reaction
2146,read
2147,reader
2148,reading
2149,ready
2150,real
2151,reality
2152,realize
2153,really
2154,reason
2155,reasonable
2156,recall
2157,receive
2158,recent
2159,recently
2160,recipe
2161,recognition
2162,recognize
2163,recommend
2164,recommendation
2165,record
2166,recording
2167,recover
2168,recovery
2169,recruit
2170,red
2171,reduce
2172,reduction
2173,refer
2174,reference
2175,reflect
2176,reflection
2177,reform
2178,refugee
2179,refuse
2180,regard
2181,regarding
2182,regardless
2183,regime
2184,region
2185,regional
2186,register
2187,regular
2188,regularly
2189,regulate
2190,regulation
2191,reinforce
2192,reject
2193,relate
2194,relation
2195,relationship
2196,relative
2197,relatively
2198,relax
2199,release
2200,relevant
2201,relief
2202,religion
2203,religious
2204,rely
2205,remain
2206,remaining
2207,remarkable
2208,remember
2209,remind
2210,remote
2211,remove
2212,repeat
2213,repeatedly
2214,replace
2215,reply
2216,report
2217,reporter
2218,represent
2219,representation
2220,representative
2221,Republican
2222,reputation
2223,request
2224,require
2225,requirement
2226,research
2227,researcher
2228,resemble
2229,reservation
2230,resident
2231,resist
2232,resistance
2233,resolution
2234,resolve
2235,resort
2236,resource
2237,respect
2238,respond
2239,respondent
2240,response
2241,responsibility
2242,responsible
2243,rest
2244,restaurant
2245,restore
2246,restriction
2247,result
2248,retain
2249,retire
2250,retirement
2251,return
2252,reveal
2253,revenue
2254,review
2255,revolution
2256,rhythm
2257,rice
2258,rich
2259,rid
2260,ride
2261,rifle
2262,right
2263,ring
2264,rise
2265,risk
2266,river
2267,road
2268,rock
2269,role
2270,roll
2271,romantic
2272,roof
2273,room
2274,root
2275,rope
2276,rose
2277,rough
2278,roughly
2279,round
2280,route
2281,routine
2282,row
2283,rub
2284,rule
2285,run
2286,running
2287,rural
2288,rush
2289,Russian
2290,sacred
2291,sad
2292,safe
2293,safety
2294,sake
2295,salad
2296,salary
2297,sale
2298,sales
2299,salt
2300,same
2301,sample
2302,sanction
2303,sand
2304,satellite
2305,satisfaction
2306,satisfy
2307,sauce
2308,save
2309,saving
2310,say
2311,scale
2312,scandal
2313,scared
2314,scenario
2315,scene
2316,schedule
2317,scheme
2318,scholar
2319,scholarship
2320,school
2321,science
2322,scientific
2323,scientist
2324,scope
2325,score
2326,scream
2327,screen
2328,script
2329,sea
2330,search
2331,season
2332,seat
2333,second
2334,secret
2335,secretary
2336,section
2337,sector
2338,secure
2339,security
2340,see
2341,seed
2342,seek
2343,seem
2344,segment
2345,seize
2346,select
2347,selection
2348,self
2349,sell
2350,Senate
2351,senator
2352,send
2353,senior
2354,sense
2355,sensitive
2356,sentence
2357,separate
2358,sequence
2359,series
2360,serious
2361,seriously
2362,serve
2363,service
2364,session
2365,set
2366,setting
2367,settle
2368,settlement
2369,seven
2370,several
2371,severe
2372,sex
2373,sexual
2374,shade
2375,shadow
2376,shake
2377,shall
2378,shape
2379,share
2380,sharp
2381,she
2382,sheet
2383,shelf
2384,shell
2385,shelter
2386,shift
2387,shine
2388,ship
2389,shirt
2390,shit
2391,shock
2392,shoe
2393,shoot
2394,shooting
2395,shop
2396,shopping
2397,shore
2398,short
2399,shortly
2400,shot
2401,should
2402,shoulder
2403,shout
2404,show
2405,shower
2406,shrug
2407,shut
2408,sick
2409,side
2410,sigh
2411,sight
2412,sign
2413,signal
2414,significance
2415,significant
2416,significantly
2417,silence
2418,silent
2419,silver
2420,similar
2421,similarly
2422,simple
2423,simply
2424,sin
2425,since
2426,sing
2427,singer
2428,single
2429,sink
2430,sir
2431,sister
2432,sit
2433,site
2434,situation
2435,six
2436,size
2437,ski
2438,skill
2439,skin
2440,sky
2441,slave
2442,sleep
2443,slice
2444,slide
2445,slight
2446,slightly
2447,slip
2448,slow
2449,slowly
2450,small
2451,smart
2452,smell
2453,smile
2454,smoke
2455,smooth
2456,snap
2457,snow
2458,so
2459,so-called
2460,soccer
2461,social
2462,society
2463,soft
2464,software
2465,soil
2466,solar
2467,soldier
2468,solid
2469,solution
2470,solve
2471,some
2472,somebody
2473,somehow
2474,someone
2475,something
2476,sometimes
2477,somewhat
2478,somewhere
2479,son
2480,song
2481,soon
2482,sophisticated
2483,sorry
2484,sort
2485,soul
2486,sound
2487,soup
2488,source
2489,south
2490,southern
2491,Soviet
2492,space
2493,Spanish
2494,speak
2495,speaker
2496,special
2497,specialist
2498,species
2499,specific
2500,specifically
2501,speech
2502,speed
2503,spend
2504,spending
2505,spin
2506,spirit
2507,spiritual
2508,split
2509,spokesman
2510,sport
2511,spot
2512,spread
2513,spring
2514,square
2515,squeeze
2516,stability
2517,stable
2518,staff
2519,stage
2520,stair
2521,stake
2522,stand
2523,standard
2524,standing
2525,star
2526,stare
2527,start
2528,state
2529,statement
2530,station
2531,statistics
2532,status
2533,stay
2534,steady
2535,steal
2536,steel
2537,step
2538,stick
2539,still
2540,stir
2541,stock
2542,stomach
2543,stone
2544,stop
2545,storage
2546,store
2547,storm
2548,story
2549,straight
2550,strange
2551,stranger
2552,strategic
2553,strategy
2554,stream
2555,street
2556,strength
2557,strengthen
2558,stress
2559,stretch
2560,strike
2561,string
2562,strip
2563,stroke
2564,strong
2565,strongly
2566,structure
2567,struggle
2568,student
2569,studio
2570,study
2571,stuff
2572,stupid
2573,style
2574,subject
2575,submit
2576,subsequent
2577,substance
2578,substantial
2579,succeed
2580,success
2581,successful
2582,successfully
2583,such
2584,sudden
2585,suddenly
2586,sue
2587,suffer
2588,sufficient
2589,sugar
2590,suggest
2591,suggestion
2592,suicide
2593,suit
2594,summer
2595,summit
2596,sun
2597,super
2598,supply
2599,support
2600,supporter
2601,suppose
2602,supposed
2603,Supreme
2604,sure
2605,surely
2606,surface
2607,surgery
2608,surprise
2609,surprised
2610,surprising
2611,surprisingly
2612,surround
2613,survey
2614,survival
2615,survive
2616,survivor
2617,suspect
2618,sustain
2619,swear
2620,sweep
2621,sweet
2622,swim
2623,swing
2624,switch
2625,symbol
2626,symptom
2627,system
2628,table
2629,tablespoon
2630,tactic
2631,tail
2632,take
2633,tale
2634,talent
2635,talk
2636,tall
2637,tank
2638,tap
2639,tape
2640,target
2641,task
2642,taste
2643,tax
2644,taxpayer
2645,tea
2646,teach
2647,teacher
2648,teaching
2649,team
2650,tear
2651,teaspoon
2652,technical
2653,technique
2654,technology
2655,teen
2656,teenager
2657,telephone
2658,telescope
2659,television
2660,tell
2661,temperature
2662,temporary
2663,ten
2664,tend
2665,tendency
2666,tennis
2667,tension
2668,tent
2669,term
2670,terms
2671,terrible
2672,territory
2673,terror
2674,terrorism
2675,terrorist
2676,test
2677,testify
2678,testimony
2679,testing
2680,text
2681,than
2682,thank
2683,thanks
2684,that
2685,the
2686,theater
2687,their
2688,them
2689,theme
2690,themselves
2691,then
2692,theory
2693,therapy
2694,there
2695,therefore
2696,these
2697,they
2698,thick
2699,thin
2700,thing
2701,think
2702,thinking
2703,third
2704,thirty
2705,this
2706,those
2707,though
2708,thought
2709,thousand
2710,threat
2711,threaten
2712,three
2713,throat
2714,through
2715,throughout
2716,throw
2717,thus
2718,ticket
2719,tie
2720,tight
2721,time
2722,tiny
2723,tip
2724,tire
2725,tired
2726,tissue
2727,title
2728,to
2729,tobacco
2730,today
2731,toe
2732,together
2733,tomato
2734,tomorrow
2735,tone
2736,tongue
2737,tonight
2738,too
2739,tool
2740,tooth
2741,top
2742,topic
2743,toss
2744,total
2745,totally
2746,touch
2747,tough
2748,tour
2749,tourist
2750,tournament
2751,toward
2752,towards
2753,tower
2754,town
2755,toy
2756,trace
2757,track
2758,trade
2759,tradition
2760,traditional
2761,traffic
2762,tragedy
2763,trail
2764,train
2765,training
2766,transfer
2767,transform
2768,transformation
2769,transition
2770,translate
2771,transportation
2772,travel
2773,treat
2774,treatment
2775,treaty
2776,tree
2777,tremendous
2778,trend
2779,trial
2780,tribe
2781,trick
2782,trip
2783,troop
2784,trouble
2785,truck
2786,TRUE
2787,truly
2788,trust
2789,truth
2790,try
2791,tube
2792,tunnel
2793,turn
2794,TV
2795,twelve
2796,twenty
2797,twice
2798,twin
2799,two
2800,type
2801,typical
2802,typically
2803,ugly
2804,ultimate
2805,ultimately
2806,unable
2807,uncle
2808,under
2809,undergo
2810,understand
2811,understanding
2812,unfortunately
2813,uniform
2814,union
2815,unique
2816,unit
2817,United
2818,universal
2819,universe
2820,university
2821,unknown
2822,unless
2823,unlike
2824,unlikely
2825,until
2826,unusual
2827,up
2828,upon
2829,upper
2830,urban
2831,urge
2832,us
2833,use
2834,used
2835,useful
2836,user
2837,usual
2838,usually
2839,utility
2840,vacation
2841,valley
2842,valuable
2843,value
2844,variable
2845,variation
2846,variety
2847,various
2848,vary
2849,vast
2850,vegetable
2851,vehicle
2852,venture
2853,version
2854,versus
2855,very
2856,vessel
2857,veteran
2858,via
2859,victim
2860,victory
2861,video
2862,view
2863,viewer
2864,village
2865,violate
2866,violation
2867,violence
2868,violent
2869,virtually
2870,virtue
2871,virus
2872,visible
2873,vision
2874,visit
2875,visitor
2876,visual
2877,vital
2878,voice
2879,volume
2880,volunteer
2881,vote
2882,voter
2883,vs
2884,vulnerable
2885,wage
2886,wait
2887,wake
2888,walk
2889,wall
2890,wander
2891,want
2892,war
2893,warm
2894,warn
2895,warning
2896,wash
2897,waste
2898,watch
2899,water
2900,wave
2901,way
2902,we
2903,weak
2904,wealth
2905,wealthy
2906,weapon
2907,wear
2908,weather
2909,wedding
2910,week
2911,weekend
2912,weekly
2913,weigh
2914,weight
2915,welcome
2916,welfare
2917,well
2918,west
2919,western
2920,wet
2921,what
2922,whatever
2923,wheel
2924,when
2925,whenever
2926,where
2927,whereas
2928,whether
2929,which
2930,while
2931,whisper
2932,white
2933,who
2934,whole
2935,whom
2936,whose
2937,why
2938,wide
2939,widely
2940,widespread
2941,wife
2942,wild
2943,will
2944,willing
2945,win
2946,wind
2947,window
2948,wine
2949,wing
2950,winner
2951,winter
2952,wipe
2953,wire
2954,wisdom
2955,wise
2956,wish
2957,with
2958,withdraw
2959,within
2960,without
2961,witness
2962,woman
2963,wonder
2964,wonderful
2965,wood
2966,wooden
2967,word
2968,work
2969,worker
2970,working
2971,works
2972,workshop
2973,world
2974,worried
2975,worry
2976,worth
2977,would
2978,wound
2979,wrap
2980,write
2981,writer
2982,writing
2983,wrong
2984,yard
2985,yeah
2986,year
2987,yell
2988,yellow
2989,yes
2990,yesterday
2991,yet
2992,yield
2993,you
2994,young
2995,your
2996,yours
2997,yourself
2998,youth
2999,zone
