,0
0,Heartwarming
1,Inspiring
2,Profound
3,Zen
4,Alive
5,Light
6,Healthy
7,Guilt
8,Guilt-free
9,Indulgent
10,Obsessed
11,Ravenous
12,Lazy
13,Expensive
14,Glamorous
15,Luxurious
16,Funniest
17,Hilarious
18,Laugh
19,Ridiculous
20,Gargantuan
21,Gigantic
22,Huge
23,Intense
24,Massive
25,Gripping
26,Goddamn
27,Seriously
28,Beauty
29,Adorable
30,Awe-Inspiring
31,Beautiful
32,Breathtaking
33,Dazzling
34,Gorgeous
35,Stunning
36,Swoon
37,Swoon-worthy
38,Captivate
39,Genius
40,Memorable
41,Undeniable
42,Unforgettable
43,Unpopular
44,Impressive
45,Embarrassing
46,Challenge
47,Discover
48,Extraordinary
49,Hack
50,Latest
51,Life-changing
52,Magic
53,Miracle
54,New
55,Remarkable
56,Revolutionary
57,Sensational
58,Shocking
59,Spoiler
60,Startling
61,Suddenly
62,Surprising
63,Unexpected
64,Strange
65,Weird
66,Odd
67,Unusual
68,Begging
69,Crave
70,Decadent
71,Delirious
72,Fantasy
73,Forbidden
74,Irresistible
75,Naked
76,Provocative
77,Seductive
78,Sexy
79,Sinful
80,Tantalizing
81,Satisfy
82,Alluring
83,Brazen
84,Captivating
85,Charismatic
86,Compelling
87,Depraved
88,Desire
89,Dirty
90,Enchanting
91,Engaging
92,Exotic
93,Exposed
94,Fascinating
95,Flirt
96,Hypnotic
97,Intriguing
98,Lascivious
99,Lick
100,Lonely
101,Lovely
102,Lust
103,Magnetic
104,Mind-blowing
105,Mischievous
106,Mouthwatering
107,Naughty
108,Obsession
109,Passionate
110,Pleasurable
111,Promiscuous
112,Riveting
113,Scandalous
114,Sensual
115,Sex
116,Shameless
117,Sleazy
118,Sleeping
119,Spank
120,Steamy
121,Stimulating
122,Striking
123,Sweaty
124,Tawdry
125,Tease
126,Thrilling
127,Uncensored
128,Urge
129,Wanton
130,Whip
131,Wild
132,Basic
133,Cheat-Sheet
134,Easy
135,Effortless
136,Ingredients
137,Minimalist
138,On-Demand
139,Painless
140,Rules
141,Savvy
142,Simple
143,Step-by-Step
144,Stupid-simple
145,Tricks
146,Tweaks
147,Bold
148,Exciting
149,Tempting
150,Transform
151,Amp
152,Blast
153,Ignite
154,Jumpstart
155,Kickstart
156,Launch
157,Quick-start
158,Speedy
159,Supercharge
160,Turbocharge
161,Smuggle
162,Alarming
163,Crushing
164,Dead
165,Deceptive
166,Devastating
167,Excruciating
168,Heartbreaking
169,Sadly
170,Shaming
171,Suffer
172,Avoid
173,Demoralizing
174,Problem
175,Agonizing
176,Apocalypse
177,Armageddon
178,Battle
179,Corrupt
180,Crazy
181,Deadly
182,Disgusting
183,Fight
184,Frenzy
185,Hate
186,Insane
187,Lunatic
188,Menacing
189,Painful
190,Poison
191,Rowdy
192,Sabotaging
193,Savage
194,Sins
195,Struggle
196,Treacherous
197,Uncontrollable
198,Vicious
199,Violent
200,Weak
201,Dying
202,Horrifying
203,Attack
204,Traumatized
205,Insult
206,Horribly
207,Hell
208,Completely
209,Copy
210,Detailed
211,Essential
212,Impenetrable
213,Meticulous
214,Overcome
215,Painstaking
216,Practical
217,Recreate
218,Replicate
219,Relentless
220,Ultimate
221,Master
222,Perfect
223,Super
224,Create
225,Best
226,Truly
227,Packed
228,Extremely
229,Deep
230,Better
231,Affordable
232,Bargain
233,Barrage
234,Bonus
235,Budget
236,Cheap
237,Convert
238,Double
239,Drive
240,Forever
241,Free
242,Immediately
243,Increase
244,Instantly
245,Money
246,Never
247,Now
248,Off-limits
249,Overnight
250,Profit
251,Promote
252,Sale
253,Today
254,Triple
255,Unlimited
256,Envy
257,Lucrative
258,Steal
259,Before
260,Big
261,Billion
262,Bonanza
263,Cash
264,Deadline
265,Discount
266,Dollar
267,Don’t miss out
268,Economical
269,Exclusive
270,Expires
271,Explode
272,Extra
273,Fast
274,Feast
275,Final
276,First
277,Fortune Frenzy
278,Frugal
279,Gift
280,Giveaway
281,Greatest
282,Hurry
283,Inexpensive
284,Jackpot
285,Last chance
286,Limited
287,Marked down
288,Monetize
289,More
290,Nest egg
291,Never again
292,Pay zero
293,Premiere
294,Price break
295,Prize
296,Quadruple
297,Quick
298,Reduced
299,Rich
300,Running out
301,Sale ends soon
302,Save
303,Savings
304,Six-figure
305,Skyrocket
306,Soaring
307,Special
308,Surge
309,Treasure
310,Up-sell
311,Value
312,While they last
313,Whoppi
314,Bank
315,Booked solid
316,Costly
317,Fortune
318,Handsome
319,Kick ass
320,Knockout
321,Notable
322,At the top
323,Wealthy
324,Legendary
325,Optimal
326,Successful
327,Fortunate
328,Smart
329,Foxy
330,Elite
331,Crowned
332,Bright
333,Brassy
334,Boss
335,Undefeated
336,Upsell
337,Freebie
338,Prosperous
339,Golden
340,High-paying
341,Lowest price
342,Money-draining
343,Money-saving
344,Noteworthy
345,Moneymaking
346,Lucky
347,Amplify
348,Attractive
349,Ahead of the game
350,Good-looking
351,Sassy
352,Elegant
353,Clever
354,Quick-witted
355,Effective
356,Drop-dead
357,Turbo charge
358,Super-human
359,Booming
360,Unbeaten
361,Boost
362,Waste
363,Wealth
364,Whopping
365,Absolute
366,All-Inclusive
367,Authentic
368,Authoritative
369,Authority
370,Backed
371,Bona fide
372,Complete
373,Comprehensive
374,Conclusive
375,Definitive
376,Document
377,Expert
378,Formula
379,Genuine
380,Guaranteed
381,Honest
382,Ironclad
383,Legitimate
384,Literally
385,Official
386,Powerful
387,Proven
388,Psychological
389,Reliable
390,Report
391,Research
392,Results
393,Solution
394,Strategy
395,Studies
396,Surefire
397,Validate
398,Masterclass
399,Admit
400,Breaking
401,Confess
402,Confession
403,Divulge
404,Emerging
405,Hidden
406,Insider
407,Little-known
408,Popular
409,Priceless
410,Rare
411,Release
412,Reveal
413,Secret
414,Sly
415,Sneak-Peek
416,Sneaky
417,Stealthy
418,Trend
419,Truth
420,Unadulterated
421,Unconventional
422,Uncovered
423,Undercover
424,Underused
425,Unique
426,Unseen
427,Untapped
428,Worst
429,Absurd
430,Achieve
431,Awkward
432,Blunder
433,Clueless
434,Cringeworthy
435,Dumb
436,Fail
437,Fail-Proof
438,Failure
439,Faux Pas
440,Fool
441,Foolish
442,Idiot
443,Lame
444,Last
445,Mediocre
446,Mistake
447,Obvious
448,Pitiful
449,Reject
450,Rookie
451,Ruin
452,Senseless
453,Shameful
454,Silly
455,Stupid
456,Success
457,Threaten
458,Triggers
459,Unknowingly
460,Useless
461,Accuse
462,Assault
463,Beware
464,Broke
465,Catastrophe
466,Caution
467,Cheat
468,Dangerous
469,Diagnosed
470,Emergency
471,Ethical
472,Exactly
473,Fierce
474,Hoax
475,Horror
476,Jeopardy
477,Lifetime
478,Protect
479,Provoke
480,Punch
481,Recession-Proof
482,Sacred
483,Safe
484,Scam
485,Scared
486,Shaking
487,Signs
488,Survive
489,Terrifying
490,Unstoppable
491,Belong
492,Promise
493,Stop
494,Amazing
495,Astonishing
496,Astounding
497,Awesome
498,Badass
499,Bomb
500,Brilliant
501,Catapult
502,Charming
503,Defying
504,Delicious
505,Delightful
506,Dreamy
507,Epic
508,Explosive
509,Exquisite
510,Greatness
511,Heavenly
512,Incredible
513,Jaw-dropping
514,Kickass
515,Mesmerizing
516,Mouth-watering
517,Nail
518,Spellbinding
519,Sublime
520,Triumph
521,Unbelievable
522,Unleashed
523,Polarizing
524,Dominate
525,Backdoor
526,Banned
527,Be the first
528,Become an insider
529,Behind the scenes
530,Bizarre
531,Black market
532,Blacklisted
533,Bootleg
534,Censored
535,Class full
536,Classified
537,Closet
538,Concealed
539,Confessions
540,Confidential
541,Controversial
542,Cover-up
543,Covert
544,Dark
545,Elusive
546,Eye-opening
547,Forgotten
548,Hilarious Hush-hush
549,Illegal
550,Illusive
551,Incredibly
552,Interesting
553,Invitation only
554,Key
555,Login required
556,Lost
557,Members only
558,Myths
559,Off the record
560,On the QT
561,Outlawed
562,Private
563,Privy
564,Psycho
565,Remote
566,Restricted
567,Secrets
568,Shh! Shocking
569,Smuggled
570,Sneak peek
571,Supersecret
572,Thought-provoking
573,Top secret
574,Trade secret
575,Unauthorized
576,Uncharted
577,Under the table
578,Under wraps
579,Underground
580,Undiscovered
581,Unexplained
582,Unexplored
583,Unheard of
584,Unlock
585,Unsung
586,Untold
587,Wacky
588,Withheld
589,Zany
590,Ancient
591,Ssshhh!!!
592,Cloak and dagger
593,From the vault
594,Hush-hush
595,Never seen before
596,Sealed
597,Tried to hide
598,Under-the-table
599,Undisclosed
600,Unreachable
601,Unspoken
602,Unveiled
603,Accessible
604,Building blocks
605,Cheat sheet
606,Child’s play
607,Cinch
608,Clear
609,Components
610,Downloadable
611,Efficient
612,Elementary
613,Elements
614,Factors
615,Fill in the blanks
616,Free Freebie
617,Guide
618,How-to
619,In less than
620,In record time
621,Index
622,Instant
623,Itemized
624,List
625,Manageable
626,Manifest
627,Mere
628,Minutes
629,Model
630,Mold
631,No nonsense
632,No problem
633,No sweat
634,Nothing to it
635,Now On demand
636,Pattern
637,Picnic
638,Piece of cake
639,Plain
640,Printable
641,Ready
642,Roadmap
643,Simple as ABC
644,Smooth
645,Smooth sailing
646,Snap
647,Staightforward
648,Steps
649,Swipe
650,Template
651,Tools
652,Uncomplicated
653,Bravery
654,Cheer
655,Conquer
656,Courage
657,Daring
658,Defiance
659,Effective Elegant
660,Enchant
661,Fearless
662,Guts
663,Hero
664,Jubilant
665,Prosperous Quick-witted
666,Saucy
667,Spectacular
668,Spine
669,Staggering
670,Strong
671,Valor
672,Vanquish
673,Victory
674,Wonderful
675,Wondrous
676,According to
677,Accredited
678,Anonymous
679,Approved
680,Because
681,Best selling
682,Cancel anytime
683,Case study
684,Certified
685,Dependable
686,Don’t worry
687,Endorsed
688,Ensured
689,Fully refundable
690,Improved
691,Moneyback
692,No obligation
693,No questions asked
694,No risk
695,No strings attached
696,Privacy
697,Professional
698,Protected
699,Recognized
700,Refund
701,Safety
702,Scientifically proven
703,Secure
704,Studies show
705,Tested
706,Track record
707,Try before you buy
708,Unconditional
709,Verify
710,Well respected
711,Worldwide
712,Above and beyond
713,Automatic
714,Bankable
715,Best-selling
716,Clockwork
717,Foolproof
718,Money-back
719,No-fail
720,Permanent
721,Risk-free
722,Rock-solid
723,Science-backed
724,Scientific
725,Sure-fire
726,That never fails
727,Thorough
728,Trustworthy
729,World-class
730,Agitate
731,Annoy
732,Arrogant
733,Ass kicking
734,B.S.
735,Backstabbing
736,Beat down
737,Boil over
738,Brutal
739,Buffoon
740,Bullshit
741,Bully
742,Coward
743,Crooked
744,Crush
745,Diatribe
746,Diminish
747,Evil
748,Exploit
749,Fear
750,Force-fed
751,Foul
752,Greedy
753,Hostile
754,Know it all
755,Lies
756,Loathsome
757,Loser
758,Lying
759,Maul
760,Miff
761,Money-grubbing
762,Morally bankrupt
763,No Good
764,Obnoxious
765,Payback
766,Pound
767,Preposterous
768,Punish
769,Raise hell Rant
770,Revolting
771,Ruthless
772,Screw
773,Sick and Tired
774,Smug
775,Sniveling
776,Snob
777,Snooty
778,Snotty
779,Stink
780,Stuck up
781,Thug
782,Underhanded
783,Victim
784,Wounded
785,Abhorrent
786,Annoying
787,Barbaric
788,Bash
789,Big mouth
790,Blatant
791,Clobber
792,Clown
793,Cocky
794,Curse
795,Debase
796,Defile
797,Delinquent
798,Demolish
799,Desecrate
800,Dishonest
801,Distorted
802,Freaking out
803,Full of sh*t
804,Gross
805,Harass
806,High and mighty
807,Horrid
808,Infuriating
809,Jackass
810,Kick
811,Kill
812,Knock
813,Knock out
814,Livid
815,Rant
816,Misleading
817,Lollygag
818,Nasty
819,Oppressive
820,Pain in the ass
821,Perverse
822,Pesky
823,Pest
824,Phony
825,Pissed off
826,Pollute
827,Pompous
828,Pretentious
829,Rampant
830,Ravage
831,Repelling
832,Repugnant
833,Revile
834,Rotten
835,Rude
836,Ruined
837,Scold
838,Sink
839,Slam
840,Slander
841,Slap
842,Slay
843,Smash
844,Smear
845,Spoil
846,Suck
847,Terrorize
848,Trash
849,Trounce
850,Tyranny
851,Up to here
852,Raise hell
853,Violate
854,Quixotic
855,Agony
856,Annihilate
857,Backlash
858,Beating
859,Blinded
860,Blood
861,Bloodbath
862,Bloodcurdling
863,Bloody
864,Bufoon
865,Bumbling
866,Cadaver
867,Cataclysmic
868,Collapse
869,Corpse
870,Cripple
871,Crisis
872,Danger
873,Death
874,Destroy
875,Disastrous
876,Drowning
877,Embarrass
878,Epidemic
879,Feeble
880,Fired Fool
881,Fooled
882,Frantic
883,Frightening
884,Gambling
885,Gullible
886,Hazardous
887,Horrific
888,Hurricane
889,Insidious
890,Invasion
891,IRS
892,Jail
893,Lawsuit
894,Looming
895,Lurking
896,Meltdown
897,Mired
898,Murder
899,Nightmare
900,Pale
901,Panic
902,Peril
903,Piranha
904,Pitfall
905,Plague
906,Played
907,Plummet
908,Plunge
909,Poor
910,Prison
911,Pummel
912,Pus
913,Reckoning
914,Refugee
915,Revenge
916,Risky
917,Scary
918,Scream
919,Searing
920,Shatter
921,Shellacking
922,Slaughter
923,Slave
924,Strangle
925,Suffering
926,Tailspin
927,Tank
928,Targeted
929,Teetering
930,Terror
931,Terrorist
932,Torture
933,Toxic
934,Tragedy
935,Trap
936,Trauma
937,Vaporize
938,Volatile
939,Vulnerable
940,Warning
941,Worry
942,Wreaking havoc
943,Deceiving
944,Doom
945,Fired
946,Injure
947,Massacre
948,Shame
949,Shocked
950,Suicide
951,Nerd
952,Fugacious
953,Ascend
954,Audacious
955,Backbone
956,Beat
957,Belief
958,Blissful
959,Celebrate
960,Colossal
961,Command
962,Defeat
963,Delight
964,Devoted
965,Dignity
966,Empower
967,Excellent
968,Excited
969,Fabulous
970,Faith
971,Fantastic
972,Ferocious
973,Force
974,Fulfill
975,Glorious
976,Glory
977,Graceful
978,Grateful
979,Grit
980,Happy
981,Heart
982,Honor
983,Hope
984,Kudos
985,Lovable
986,Flawless
987,Affable
988,Virtuoso
989,Openhearted
990,Beauteous
991,Legend
992,Marvelous
993,Miraculous
994,Noble
995,Persuade
996,Phenomenal
997,Pluck
998,Power-up
999,Praise
1000,Prevail
1001,Revel
1002,Rule
1003,Score
1004,Seize
1005,Spirit
1006,Splendid
1007,Spunk
1008,Strengthen
1009,Stunt
1010,Supreme
1011,Terrific
1012,Thrive
1013,Thwart
1014,Titan
1015,Tough
1016,Tremendous
1017,Unbeatable
1018,Unleash
1019,Uplifting
1020,Valiant
1021,Win
1022,Brighten
1023,Radiant
1024,Classy
1025,Stupendous
1026,Cheery
1027,Jovial
1028,Logophile
1029,Allure
1030,Arouse
1031,Bare
1032,Beguiling
1033,Charm
1034,Cheeky
1035,Climax
1036,Divine
1037,Ecstasy
1038,Embrace
1039,Enthralling
1040,Entice
1041,Entrance
1042,Excite
1043,Explicit
1044,Fascinate
1045,Frisky
1046,Goosebumps
1047,Hanker
1048,Hottest
1049,Impure
1050,Indecent
1051,Intoxicating
1052,Itching
1053,Juicy
1054,Kinky
1055,Kiss
1056,Lewd
1057,Longing
1058,Love
1059,Lure
1060,Luscious
1061,Lush
1062,Nude
1063,Obscene
1064,Orgasmic
1065,Pining
1066,Pleasure
1067,Racy
1068,Raunchy
1069,Risque
1070,Salacious
1071,Seduce
1072,Spicy
1073,Strip
1074,Taste
1075,Tickle
1076,Tight
1077,Tingle
1078,Turn on
1079,Unabashed
1080,Untamed
1081,Untouched
1082,Voluptuous
1083,Vulgar
1084,Wet
1085,X-rated
1086,Yearning
1087,Yummy
1088,free
1089,sale
1090,new
1091,professional
1092,guaranteed
1093,special
1094,tested
1095,improved
1096,immediately
1097,limited
1098,simplistic
1099,powerful
1100,big
1101,popular
1102,exclusive
1103,valuable
1104,how to
1105,endorsed
1106,unlimited
1107,discount
1108,fundamentals
1109,under priced
1110,suddenly
1111,perspective
1112,launching
1113,skill
1114,reduced
1115,better
1116,shrewd
1117,enormous
1118,spotlight
1119,useful
1120,survival
1121,largest
1122,colossal
1123,now
1124,unlock
1125,fortune
1126,authentic
1127,announcing
1128,huge gift
1129,introducing
1130,practical
1131,focus
1132,wanted
1133,absolutely lowest
1134,interesting
1135,challenge
1136,lifetime
1137,highest
1138,expert
1139,advice
1140,the truth about
1141,compare
1142,colorful
1143,affordable
1144,ultimate
1145,willpower
1146,attractive
1147,easily
1148,approved
1149,competitive
1150,full
1151,mammoth
1152,innovative
1153,it's here
1154,just arrived
1155,sure fire
1156,soar
1157,beautiful
1158,crammed
1159,growth
1160,promising
1161,astonishing
1162,imagination
1163,greatest
1164,high tech
1165,latest
1166,important
1167,urgent
1168,amazing
1169,exciting
1170,portfolio
1171,revealing
1172,sensational
1173,excellent
1174,remarkable
1175,obsession
1176,surging
1177,revisited
1178,unique
1179,bargain
1180,hurry
1181,daring
1182,pioneering
1183,destiny
1184,unsurpassed
1185,genuine
1186,informative
1187,mainstream
1188,complete
1189,last chance
1190,exploit
1191,quality
1192,gigantic
1193,love
1194,lavishly
1195,reliable
1196,terrific
1197,breakthrough
1198,emerging
1199,profitable
1200,sampler
1201,noted
1202,luxury
1203,unconditional
1204,timely
1205,bonanza
1206,security
1207,refundable
1208,quickly
1209,revolutionary
1210,miracle
1211,magic
1212,proven
1213,reward
1214,weird
1215,surprise
1216,delighted
1217,confidential
1218,sizable
1219,wonderful
1220,delivered
1221,secrets
1222,scarce
1223,alert famous
1224,strong
1225,unusual
1226,outstanding
1227,energy
1228,instructive
1229,liberal
1230,rare
1231,edge
1232,superior
1233,unparalleled
1234,fascinating
1235,compromise
1236,odd
1237,bottom line
1238,zinger
1239,simplified
1240,tremendous
1241,helpful
1242,special offer
1243,technology
1244,selected
1245,sturdy
1246,wealth
1247,successful
1248,opportunities
1249,last minute
1250,monumental
1251,startling
1252,quick
1253,easy
1254,direct
1255,simple
1256,strange
1257,value
1258,insider
1259,download
1260,Abhorrent
1261,Above and beyond
1262,Abuse
1263,Adorable
1264,Affable
1265,Agitate
1266,Agony
1267,Allure
1268,Amazing
1269,Ancient
1270,Annoy
1271,Annoying
1272,Anonymous
1273,Apocalypse
1274,Armageddon
1275,Arouse
1276,Arrogant
1277,Ascend
1278,Ass kicking
1279,Assault
1280,Astonishing
1281,Astounding
1282,At the top
1283,Audacious
1284,Authentic
1285,Automatic
1286,Awe-inspiring
1287,Awesome
1288,Backbone
1289,Backdoor
1290,Backed
1291,Backlash
1292,Backstabbing
1293,Badass
1294,Bank
1295,Bankable
1296,Banned
1297,Barbaric
1298,Bare
1299,Bargain
1300,Bash
1301,Beat
1302,Beat down
1303,Beating
1304,Beauteous
1305,Before
1306,Begging
1307,Beguiling
1308,Behind the scenes
1309,Belief
1310,Best
1311,Best-selling
1312,Beware
1313,Big
1314,Big mouth
1315,Billion
1316,Black Market
1317,Blacklisted
1318,Blatant
1319,Blinded
1320,Blissful
1321,Blood
1322,Bloodbath
1323,Bloodcurdling
1324,Bloody
1325,Blunder
1326,Bomb
1327,Bonanza
1328,Booked solid
1329,Bootleg
1330,Boss
1331,Brassy
1332,Bravery
1333,Brazen
1334,Breathtaking
1335,Bright
1336,Brilliant
1337,Broke
1338,Brutal
1339,Buffoon
1340,Bufoon
1341,Bullsh*t
1342,Bully
1343,Bumbling
1344,Cadaver
1345,Cancel anytime
1346,Captivating
1347,Cash
1348,Catastrophe
1349,Caution
1350,Celebrate
1351,Censored
1352,Certified
1353,Charm
1354,Cheap
1355,Cheat
1356,Cheat sheet
1357,Cheeky
1358,Cheer
1359,Classified
1360,Climax
1361,Cloak and dagger
1362,Clobber
1363,Clockwork
1364,Clown
1365,Cocky
1366,Collapse
1367,Colossal
1368,Command
1369,Concealed
1370,Confessions
1371,Confidential
1372,Conquer
1373,Controversial
1374,Corpse
1375,Corrupt
1376,Costly
1377,Courage
1378,Covert
1379,Cover-up
1380,Coward
1381,Crave
1382,Crazy
1383,Cripple
1384,Crisis
1385,Crooked
1386,Crowned
1387,Crush
1388,Curse
1389,Danger
1390,Dangerous
1391,Daring
1392,Dark
1393,Deadly
1394,Death
1395,Debase
1396,Deceiving
1397,Defeat
1398,Defiance
1399,Defile
1400,Delight
1401,Delight
1402,Delinquent
1403,Delirious
1404,Demolish
1405,Depraved
1406,Desecrate
1407,Desire
1408,Destroy
1409,Devastating
1410,Devoted
1411,Diatribe
1412,Dignity
1413,Dirty
1414,Disastrous
1415,Discount
1416,Disgusting
1417,Dishonest
1418,Distorted
1419,Divine
1420,Dollar
1421,Dominate
1422,Don’t miss out
1423,Doom
1424,Double
1425,Drowning
1426,Dumb
1427,Ecstasy
1428,Effortless
1429,Elite
1430,Embarrass
1431,Embrace
1432,Empower
1433,Enchant
1434,Endorsed
1435,Enthralling
1436,Entice
1437,Entrance
1438,Epic
1439,Epidemic
1440,Evil
1441,Excellent
1442,Excite
1443,Excited
1444,Exclusive / Exclusivity
1445,Exotic
1446,Expert
1447,Explicit
1448,Explode
1449,Exploit
1450,Exposed
1451,Extra
1452,Extraordinary
1453,Eye-opening
1454,Fabulous
1455,Fail
1456,Faith
1457,Fantastic
1458,Fascinate
1459,Fear
1460,Fearless
1461,Feast
1462,Feeble
1463,Ferocious
1464,Fierce
1465,Final
1466,Fired
1467,Flawless
1468,Flirt
1469,Fool
1470,Fooled
1471,Foolproof
1472,Forbidden
1473,Forbidden
1474,Force
1475,Force-fed
1476,Forgotten
1477,Fortunate
1478,Fortune
1479,Foul
1480,Foxy
1481,Frantic
1482,Freaking out
1483,Free
1484,Freebie
1485,Frenzy
1486,Frightening
1487,Frisky
1488,From the vault
1489,Fulfill
1490,Full of sh*t
1491,Fully refundable
1492,Gambling
1493,Genius
1494,Gift
1495,Giveaway
1496,Glorious
1497,Glory
1498,Golden
1499,Goosebumps
1500,Gorgeous
1501,Graceful
1502,Grateful
1503,Greatest
1504,Greedy
1505,Grit
1506,Gross
1507,Guaranteed
1508,Guilt-free
1509,Gullible
1510,Guts
1511,Hack
1512,Handsome
1513,Hanker
1514,Happy
1515,Harass
1516,Hate
1517,Hazardous
1518,Heart
1519,Heavenly
1520,Hero
1521,Hidden
1522,High and mighty
1523,High-paying
1524,Hoax
1525,Holocaust
1526,Honor
1527,Hope
1528,Horrid
1529,Horrific
1530,Hottest
1531,Hurricane
1532,Hurry
1533,Hush-hush
1534,Hypnotic
1535,Illegal
1536,Improved
1537,Impure
1538,Incredible
1539,Indecent
1540,Inexpensive
1541,Infuriating
1542,Injure
1543,Insider
1544,Insidious
1545,Instantly
1546,Intense
1547,Intoxicating
1548,Intriguing
1549,Invasion
1550,Ironclad
1551,IRS
1552,Itching
1553,Jackass
1554,Jail
1555,Jaw-dropping
1556,Jeopardy
1557,Juicy
1558,Kick
1559,Kick ass
1560,Kill
1561,Kinky
1562,Kiss
1563,Knock
1564,Knock out
1565,Knockout
1566,Know it all
1567,Kudos
1568,Lascivious
1569,Last chance
1570,Lawsuit
1571,Legendary
1572,Legitimate
1573,Lewd
1574,Lick
1575,Lies
1576,Lifetime
1577,Little-known
1578,Livid
1579,Loathsome
1580,Lollygag
1581,Lonely
1582,Longing
1583,Looming
1584,Loser
1585,Lovable
1586,Love
1587,Lovely
1588,Lure
1589,Luscious
1590,Lush
1591,Lust
1592,Lying
1593,Magnetic
1594,Maul
1595,Mischievous
1596,Misleading
1597,Moneyback
1598,Money-back
1599,Morally bankrupt
1600,Mouthwatering
1601,Mouth-watering
1602,Naked
1603,Never again
1604,New
1605,No obligation
1606,No questions asked
1607,No risk
1608,No strings attached
1609,No-fail
1610,Notable
1611,Official
1612,Openhearted
1613,Optimal
1614,Permanent
1615,Pleasurable
1616,Prosperous
1617,Provoke
1618,Rant
1619,Reckoning
1620,Recognized
1621,Remote
1622,Ridiculous
1623,Riveting
1624,Safety
1625,Scientifically proven
1626,Secrets
1627,Shocking
1628,Smart
1629,Sneak peek
1630,Sneaky
1631,Special
1632,Spoiler
1633,Ssshhh!!!
1634,Studies show
1635,Successful
1636,Supersecret
1637,Thought-provoking
1638,Thug
1639,Top secret
1640,Track record
1641,Trade secret
1642,Uncharted
1643,Unconventional
1644,Undefeated
1645,Under the table
1646,Undiscovered
1647,Unexplained
1648,Unexplored
1649,Unheard of
1650,Unsung
1651,Untold
1652,Unusual
1653,Upsell
1654,Value
1655,Virtuoso
1656,Wacky
1657,Weak
1658,Wealthy
1659,Well respected
1660,Worldwide
1661,Worry
1662,You
1663,Zany
1665,Alluring
1666,Annihilate
1667,B.S.
1668,Boil over
1669,Brighten
1670,Cataclysmic
1671,Charismatic
1672,Cheery
1673,Classy
1674,Compelling
1675,Cringeworthy
1676,Diminish
1677,Enchanting
1678,Engaging
1679,Fascinating
1680,Fugacious
1681,Hostile
1682,Jovial
1683,Jubilant
1684,Legend
1685,Life-changing
1686,Logophile
1687,Lunatic
1688,Lurking
1689,Magic
1690,Marvelous
1691,Massacre
1692,Master
1693,Meltdown
1694,Menacing
1695,Miff
1696,Mind-blowing
1697,Miracle
1698,Miraculous
1699,Mired
1700,Mistake
1701,Money-grubbing
1702,Murder
1703,Nasty
1704,Naughty
1705,Nazi
1706,Nerd
1707,Nightmare
1708,No good
1709,Noble
1710,Nude
1711,Obnoxious
1712,Obscene
1713,Obsession
1714,Oppressive
1715,Orgasmic
1716,Pain in the ass
1717,Painful
1718,Pale
1719,Panic
1720,Passionate
1721,Payback
1722,Perfect
1723,Peril
1724,Persuade
1725,Perverse
1726,Pesky
1727,Pest
1728,Phenomenal
1729,Phony
1730,Pining
1731,Piranha
1732,Pissed off
1733,Pitfall
1734,Plague
1735,Played
1736,Pleasure
1737,Pluck
1738,Plummet
1739,Plunge
1740,Poison
1741,Pollute
1742,Pompous
1743,Poor
1744,Pound
1745,Power-up
1746,Praise
1747,Preposterous
1748,Pretentious
1749,Prevail
1750,Prison
1751,Promiscuous
1752,Provocative
1753,Pummel
1754,Punch
1755,Punish
1756,Pus
1757,Quixotic
1758,Racy
1759,Radiant
1760,Raise hell
1761,Rampant
1762,Raunchy
1763,Ravage
1764,Reckoning
1765,Refugee
1766,Remarkable
1767,Repelling
1768,Repugnant
1769,Revel
1770,Revenge
1771,Revile
1772,Revolting
1773,Risky
1774,Risque
1775,Rotten
1776,Rowdy
1777,Rude
1778,Ruined
1779,Rule
1780,Ruthless
1781,Salacious
1782,Satisfy
1783,Saucy
1784,Savage
1785,Scam
1786,Scandalous
1787,Scary
1788,Scold
1789,Score
1790,Scream
1791,Screw
1792,Searing
1793,Seduce
1794,Seductive
1795,Seize
1796,Sensational
1797,Sensual
1798,Sex
1799,Shame
1800,Shameless
1801,Shatter
1802,Shellacking
1803,Shocked
1804,Sick and tired
1805,Silly
1806,Sinful
1807,Sink
1808,Slam
1809,Slander
1810,Slap
1811,Slaughter
1812,Slave
1813,Slay
1814,Sleazy
1815,Sleeping
1816,Smash
1817,Smear
1818,Smug
1819,Sniveling
1820,Snob
1821,Snooty
1822,Snotty
1823,Spank
1824,Spectacular
1825,Spellbinding
1826,Spicy
1827,Spine
1828,Spirit
1829,Splendid
1830,Spoil
1831,Spunk
1832,Staggering
1833,Steamy
1834,Stimulating
1835,Stink
1836,Strangle
1837,Strengthen
1838,Striking
1839,Strip
1840,Strong
1841,Stuck up
1842,Stunning
1843,Stunt
1844,Stupendous
1845,Stupid
1846,Suck
1847,Suffering
1848,Suicide
1849,Supreme
1850,Surprising
1851,Sweaty
1852,Tailspin
1853,Tank
1854,Tantalizing
1855,Targeted
1856,Taste
1857,Tawdry
1858,Tease
1859,Teetering
1860,Tempting
1861,Terrific
1862,Terror
1863,Terrorist
1864,Terrorize
1865,Thrilling
1866,Thrive
1867,Thwart
1868,Tickle
1869,Tight
1870,Tingle
1871,Titan
1872,Torture
1873,Tough
1874,Toxic
1875,Tragedy
1876,Trap
1877,Trash
1878,Trauma
1879,Tremendous
1880,Triumph
1881,Trounce
1882,Turn on
1883,Tyranny
1884,Unabashed
1885,Unbeatable
1886,Unbelievable
1887,Uncensored
1888,Underhanded
1889,Unforgettable
1890,Unique
1891,Unleash
1892,Untamed
1893,Untouched
1894,Up to here
1895,Uplifting
1896,Urge
1897,Useless
1898,Valiant
1899,Valor
1900,Vanquish
1901,Vaporize
1902,Vicious
1903,Victim
1904,Victory
1905,Violate
1906,Violent
1907,Volatile
1908,Voluptuous
1909,Vulgar
1910,Vulnerable
1911,Wanton
1912,Warning
1913,Wet
1914,Whip
1915,Wild
1916,Win
1917,Wonderful
1918,Wondrous
1919,Worst
1920,Wounded
1921,Wreaking havoc
1922,X-rated
1923,Yearning
1924,Yummy
1927,Jackpot
1928,Lowest price
1929,Luxurious
1930,Marked down
1931,Massive
1932,Money
1933,Money-draining
1934,Money-saving
1935,Nest egg
1936,Pay zero
1937,Prize
1938,Profit
1939,Quadruple
1940,Reduced
1941,Rich
1942,Savings
1943,Fast
1944,While they last
1945,Expires
1946,Premiere
1947,More
1948,Sale ends soon
1949,Monetize
1950,Save
1951,Deadline
1952,Noteworthy
1953,Moneymaking
1954,Lucky
1955,Amplify
1956,Attractive
1957,Ahead of the game
1958,Beautiful
1959,Good-looking
1960,Bold
1961,Sassy
1962,Elegant
1963,Clever
1964,Quick-witted
1965,Effective
1966,Drop-dead
1967,Dazzling
1968,Turbo charge
1969,Super-human
1970,Booming
1971,Unbeaten
1972,Boost
1973,Frugal
1974,Price break
1975,Running out
1976,Bonus
1977,Six-figure
1978,Skyrocket
1979,Soaring
1980,Surge
1981,Treasure
1982,Triple
1983,Waste
1984,Wealth
1985,Whopping
1987,Privacy
1988,Professional
1989,Protected
1990,Proven
1991,Recession-proof
1992,Refund
1993,Reliable
1994,Research
1995,Results
1996,Risk-free
1997,Rock-solid
1998,Science-backed
1999,Scientific
2000,Bona fide
2001,Authority
2002,Because
2003,Genuine
2004,Authoritative
2005,Accredited
2006,Case study
2007,Dependable
2008,Ensured
2009,According to
2010,Approved
2011,Secure
2012,Sure-fire
2013,Survive
2014,Tested
2015,That never fails
2016,Thorough
2017,Trustworthy
2018,Try before you buy
2019,Unconditional
2020,Verify
2021,World-class
2022,Don’t worry
2024,Lost
2025,Never seen before
2026,Off the record
2027,Off-limits
2028,Outlawed
2029,Private
2030,Restricted
2031,Sealed
2032,Be the first
2033,Become an insider
2034,Bizarre
2035,Class full
2036,Closet
2037,Elusive
2038,Hilarious
2039,Illusive
2040,Incredibly
2041,Insane
2042,Interesting
2043,Invitation only
2044,Key
2045,Login required
2046,Members only
2047,Myths
2048,Odd
2049,On the QT
2050,Priceless
2051,Privy
2052,Psycho
2053,Secret
2054,Smuggled
2055,Strange
2056,Tried to hide
2057,Unauthorized
2058,Uncensored
2059,Under wraps
2060,Undercover
2061,Underground
2062,Under-the-table
2063,Undisclosed
2064,Unexpected
2065,Unlock
2066,Unreachable
2067,Unspoken
2068,Unveiled
2069,Withheld
2348,Abhorrent
2349,Above and beyond
2350,Abuse
2351,Adorable
2352,Affable
2353,Agitate
2354,Agony
2355,Allure
2356,Amazing
2357,Ancient
2358,Annoy
2359,Annoying
2360,Anonymous
2361,Apocalypse
2362,Armageddon
2363,Arouse
2364,Arrogant
2365,Ascend
2366,Ass kicking
2367,Assault
2368,Astonishing
2369,Astounding
2370,At the top
2371,Audacious
2372,Authentic
2373,Automatic
2374,Awe-inspiring
2375,Awesome
2376,Backbone
2377,Backdoor
2378,Backed
2379,Backlash
2380,Backstabbing
2381,Badass
2382,Bank
2383,Bankable
2384,Banned
2385,Barbaric
2386,Bare
2387,Bargain
2388,Bash
2389,Beat
2390,Beat down
2391,Beating
2392,Beauteous
2393,Before
2394,Begging
2395,Beguiling
2396,Behind the scenes
2397,Belief
2398,Best
2399,Best-selling
2400,Beware
2401,Big
2402,Big mouth
2403,Billion
2404,Black Market
2405,Blacklisted
2406,Blatant
2407,Blinded
2408,Blissful
2409,Blood
2410,Bloodbath
2411,Bloodcurdling
2412,Bloody
2413,Blunder
2414,Bomb
2415,Bonanza
2416,Booked solid
2417,Bootleg
2418,Boss
2419,Brassy
2420,Bravery
2421,Brazen
2422,Breathtaking
2423,Bright
2424,Brilliant
2425,Broke
2426,Brutal
2427,Buffoon
2428,Bufoon
2429,Bullsh*t
2430,Bully
2431,Bumbling
2432,Cadaver
2433,Cancel anytime
2434,Captivating
2435,Cash
2436,Catastrophe
2437,Caution
2438,Celebrate
2439,Censored
2440,Certified
2441,Charm
2442,Cheap
2443,Cheat
2444,Cheat sheet
2445,Cheeky
2446,Cheer
2447,Classified
2448,Climax
2449,Cloak and dagger
2450,Clobber
2451,Clockwork
2452,Clown
2453,Cocky
2454,Collapse
2455,Colossal
2456,Command
2457,Concealed
2458,Confessions
2459,Confidential
2460,Conquer
2461,Controversial
2462,Corpse
2463,Corrupt
2464,Costly
2465,Courage
2466,Covert
2467,Cover-up
2468,Coward
2469,Crave
2470,Crazy
2471,Cripple
2472,Crisis
2473,Crooked
2474,Crowned
2475,Crush
2476,Curse
2477,Danger
2478,Dangerous
2479,Daring
2480,Dark
2481,Deadly
2482,Death
2483,Debase
2484,Deceiving
2485,Defeat
2486,Defiance
2487,Defile
2488,Delight
2489,Delight
2490,Delinquent
2491,Delirious
2492,Demolish
2493,Depraved
2494,Desecrate
2495,Desire
2496,Destroy
2497,Devastating
2498,Devoted
2499,Diatribe
2500,Dignity
2501,Dirty
2502,Disastrous
2503,Discount
2504,Disgusting
2505,Dishonest
2506,Distorted
2507,Divine
2508,Dollar
2509,Dominate
2510,Don’t miss out
2511,Doom
2512,Double
2513,Drowning
2514,Dumb
2515,Ecstasy
2516,Effortless
2517,Elite
2518,Embarrass
2519,Embrace
