,try
0,behold
1,angular
2,azure
3,billowy
4,black
5,bleary
6,bloated
7,blonde
8,blue
9,blurred
10,blushing
11,branching
12,bright
13,brilliant
14,broad
15,brown
16,brunette
17,bulbous
18,bulky
19,camouflaged
20,check out
21,chubby
22,circular
23,colorful
24,colorless
25,colossal
26,contemplate
27,contoured
28,cosmic
29,craggy
30,crimson
31,crinkled
32,crooked
33,crowded
34,crystalline
35,curved
36,dark
37,dazzling
38,deep
39,detect
40,dim
41,dingy
42,disheveled
43,distinct
44,drab
45,dreary
46,dull
47,dusty
48,elegant
49,enchanting
50,engaging
51,enormous
52,examine
53,eye
54,faded
55,faint
56,fancy
57,fat
58,filthy
59,flashy
60,flat
61,flickering
62,foggy
63,forked
64,freckled
65,fuzzy
66,gargantuan
67,gaudy
68,gawk
69,gaze
70,gigantic
71,ginormous
72,glamorous
73,glance
74,gleaming
75,glimpse
76,glistening
77,glitter
78,glittering
79,globular
80,gloomy
81,glossy
82,glower
83,glowing
84,goggle
85,gold
86,graceful
87,gray
88,green
89,grotesque
90,hazy
91,hollow
92,homely
93,huge
94,illuminated
95,immense
96,indistinct
97,inspect
98,ivory
99,knotty
100,lacy
101,lanky
102,large
103,lavender
104,lean
105,leer
106,lithe
107,little
108,lofty
109,long
110,low
111,malnourished
112,maroon
113,massive
114,miniature
115,misshapen
116,misty
117,motionless
118,mottled
119,mountainous
120,muddy
121,murky
122,narrow
123,notice
124,observe
125,obtuse
126,ogle
127,olive
128,opaque
129,orange
130,oval
131,pale
132,peek
133,peer
134,peered
135,petite
136,pink
137,portly
138,pristine
139,prodigious
140,purple
141,quaint
142,radiant
143,rectangular
144,red
145,reddish
146,regard
147,rippling
148,rotund
149,round
150,ruby
151,ruddy
152,rusty
153,sabotaged
154,scan
155,scope out
156,scrutinize
157,search
158,shadowy
159,shallow
160,shapeless
161,sheer
162,shimmering
163,shiny
164,short
165,sight
166,silver
167,skinny
168,small
169,smudged
170,soaring
171,sparkling
172,sparkly
173,spherical
174,spot
175,spotless
176,spotted
177,spy
178,square
179,steep
180,stormy
181,straight
182,strange
183,streaked
184,striped
185,study
186,sunny
187,survey
188,swooping
189,take stock of
190,tall
191,tapering
192,tarnished
193,teeny-tiny
194,tiny
195,towering
196,translucent
197,transparent
198,triangular
199,turn attention to
200,turquoise
201,twinkling
202,twisted
203,ugly
204,unsightly
205,unusual
206,vibrant
207,view
208,vivid
209,watch
210,weird
211,white
212,wide
213,wiry
214,wispy
215,witness
216,wizened
217,wrinkled
218,wrinkly
219,yellow
220,abrasive
221,balmy
222,biting
223,boiling
224,breezy
225,bristly
226,bubbly
227,bumpy
228,burning
229,bushy
230,chilled
231,chilly
232,clammy
233,coarse
234,cold
235,cool
236,cottony
237,crawly
238,creepy
239,crisp
240,cuddly
241,cushioned
242,damp
243,dank
244,dirty
245,downy
246,drenched
247,dry
248,elastic
249,feathery
250,feverish
251,fine
252,fleshy
253,fluff
254,fluffy
255,foamy
256,fragile
257,freezing
258,furry
259,glassy
260,gluey
261,gooey
262,grainy
263,greasy
264,gritty
265,gushy
266,hairy
267,heavy
268,hot
269,humid
270,ice-cold
271,icy
272,itchy
273,knobbed
274,leathery
275,light
276,lightweight
277,limp
278,lukewarm
279,lumpy
280,matted
281,metallic
282,moist
283,mushy
284,numbing
285,oily
286,plastic
287,pointed
288,powdery
289,prickly
290,pulpy
291,rocky
292,rough
293,rubbery
294,sandy
295,scalding
296,scorching
297,scratchy
298,scummy
299,serrated
300,shaggy
301,sharp
302,shivering
303,shivery
304,silky
305,slimy
306,slippery
307,sloppy
308,smooth
309,smothering
310,soapy
311,soft
312,sopping
313,soupy
314,splintery
315,spongy
316,springy
317,sputter
318,squashy
319,squeal
320,squishy
321,steamy
322,steely
323,sticky
324,stifled
325,stifling
326,stinging
327,stony
328,stubby
329,sweaty
330,tangled
331,tapered
332,tender
333,tepid
334,thick
335,thin
336,thorny
337,tickling
338,to stifle
339,tough
340,unsanitary
341,velvety
342,warm
343,waxy
344,wet
345,woolly
346,babble
347,bang
348,barking
349,bawled
350,bawling
351,bellow
352,blare
353,blaring
354,bleat
355,boom!
356,booming
357,bray
358,buzz
359,buzzing
360,cackle
361,cackling
362,chatter
363,chattering
364,cheer
365,chiming
366,chuckle
367,clamor
368,clang
369,clanging
370,clap
371,clapping
372,clicking
373,clink
374,clinking
375,cooing
376,coughing
377,crackle
378,crackling
379,creak
380,croaking
381,crow
382,crunch
383,crunching
384,crunchy
385,cry
386,crying
387,deafening
388,distorted
389,dripping
390,ear-piercing
391,earsplitting
392,exploding
393,fizzing
394,gagging
395,giggle
396,giggling
397,grate
398,grating
399,growl
400,grumble
401,grunt
402,grunting
403,guffaw
404,gurgle
405,gurgling
406,hanging
407,hiss
408,hissing
409,honking
410,howl
411,hubbub
412,hum
413,humming
414,hush
415,jabber
416,jangle
417,jangling
418,laughing
419,moaning
420,monotonous
421,mooing
422,muffled
423,mumble
424,mumbling
425,murmur
426,mutter
427,muttering
428,noisy
429,peeping
430,piercing
431,ping
432,pinging
433,plopping
434,pop
435,purring
436,quacking
437,quiet
438,rant
439,rapping
440,raucous
441,rave
442,ringing
443,roar
444,roaring
445,rumble
446,rumbling
447,rustle
448,rustling
449,scratching
450,scream
451,screaming
452,screech
453,screeching
454,serene
455,shout
456,shouting
457,shriek
458,shrieking
459,shrill
460,sigh
461,silent
462,sing
463,singing
464,sizzle
465,sizzling
466,slam
467,slamming
468,snap
469,snappy
470,snarl
471,snoring
472,snort
473,splashing
474,squawk
475,squawking
476,squeaky
477,stammer
478,stomp
479,storm
480,stuttering
481,swish
482,tearing
483,thud
484,thudding
485,thump
486,thumping
487,thunder
488,thundering
489,ticking
490,tingling
491,tinkling
492,to hiss
493,to shriek
494,to sizzle
495,twitter
496,twittering
497,wail
498,warbling
499,wheezing
500,whimper
501,whimpering
502,whine
503,whining
504,whir
505,whisper
506,whispering
507,whistle
508,whooping
509,yell
510,yelp
511,acidic
512,acrid
513,appetizing
514,bitter
515,bittersweet
516,bland
517,burnt
518,buttery
519,charred
520,contaminated
521,creamy
522,crispy
523,delectable
524,delicious
525,doughy
526,earthy
527,fermented
528,fishy
529,flavorful
530,flavorless
531,floury
532,fresh
533,fruity
534,garlicky
535,gingery
536,hearty
537,juicy
538,lemony
539,lipsmackingly
540,luscious
541,medicinal
542,mellow
543,melted
544,minty
545,moldy
546,mouth-watering
547,nauseating
548,nutritious
549,nutty
550,palatable
551,peppery
552,pickled
553,piquant
554,raw
555,refreshing
556,rich
557,ripe
558,rotten
559,salted
560,salty
561,savory
562,scrumptious
563,sour
564,spicy
565,spoiled
566,stale
567,sugary
568,sweet
569,syrupy
570,tangy
571,tantalizing
572,tart
573,tasteless
574,tasty
575,unappetizing
576,unripe
577,vinegary
578,yummy
579,zesty
580,ambrosial
581,antiseptic
582,aroma
583,aromatic
584,briny
585,citrusy
586,decayed
587,decomposed
588,doggy
589,fetid
590,floral
591,flowery
592,foul-smelling
593,fragrant
594,gamy
595,gaseous
596,horrid
597,inodorous
598,malodorous
599,mephitic
600,musky
601,musty
602,odiferous
603,odor
604,odorless
605,old
606,perfumed
607,piney
608,polluted
609,pungent
610,putrid
611,rancid
612,rank
613,redolent
614,reeking
615,scent
616,scented
617,sickly
618,skunky
619,smell
620,smoky
621,stagnant
622,stench
623,steno
624,stinky
625,tempting
626,whiff
