,try
0, accolade
1, acrimony
2, angst
3, anomaly
4, antidote
5, avant-garde
6, baroque
7, bona fide
8, boondoggle
9, bourgeois
10, bravado
11, brogue
12, brusque
13, Byzantine
14, cacophony
15, camaraderie
16, capricious
17, carte blanche
18, caustic
19, charisma
20, cloying
21, deja vu
22, dichotomy
23, dilettante
24, disheveled
25, elan
26, ennui
27, epitome
28, equanimity
29, equivocate
30, esoteric
31, euphemism
32, fait accompli
33, fastidious
34, faux pas
35, fiasco
36, finagle
37, Freudian slip
38, glib
39, gregarious
40, harbinger
41, hedonist
42, heresy
43, idiosyncratic
44, idyllic
45, indelicate
46, infinitesimal
47, insidious
48, junket
49, kitsch
50, litany
51, lurid
52, Machiavellian
53, malaise
54, malinger
55, mantra
56, maudlin
57, mercenary
58, minimalist
59, misnomer
60, narcissist
61, nirvana
62, non sequitur
63, nouveau-riche
64, oblivion
65, ogle
66, ostentatious
67, ostracize
68, panacea
69, paradox
70, peevish
71, perfunctory
72, philistine
73, precocious
74, propriety
75, quid pro quo
76, quintessential
77, red herring
78, revel
79, rhetoric
80, scintillating
81, spartan
82, stigma
83, stoic
84, suave
85, Svengali
86, sycophant
87, teetotaler
88, tete-a-tete
89, tirade
90, tryst
91, ubiquitous
92, unrequited
93, untenable
94, vicarious
95, vile
96, waft
97, white elephant
98, zealous
99, tumid
100, filigree
101, rubric
102, intemperance
103, narcissist
104, tautology
105, uxorious
106, quixotic
107, abhorrent
108, elixir
109, potpourri
110, actuarial
111, ciliated
112, raspy
113, acidulous
114, sesquipedalian
115, dolorous
116, dogma
117, perpetual
118, trepidation
119, matrix
120, benevolent
121, benign
122, belligerent
123, beacon
124, impetuous
125, ineluctable
126, assemblage
127, xenophobia
128, vexation
129, peruse
130, pernicious
131, experiential
132, skein
133, unfettered
134, chaperone
135, brazen
136, affliction
137, doppelganger
138, droll
139, beleaguer
140, oversight
141, dotage
142, nettle
143, levity
144, buccaneer
145, vanity
146, acuity
147, parity
148, equivalence
149, impasse
150, indiscrete
151, exhume
152, purvey
153, cloister
154, preamble
155, axiom
156, aphasia
157, desuetude
158, insularity
159, ichthyology
160, conceit
161, purgatory
162, dissemination
163, indemnification
164, megalomania
165, restitution
166, hearsay
167, pusillanimous
168, malevolence
169, ennui
170, prosaic
171, precocity
172, invidious
173, gregarious
174, effrontery
175, torpor
176, pummel
177, manumit
178, detonation
179, profundity
180, presage
181, fleece
182, diurnal
183, stentorian
184, dainty
185, extol
186, hurtle
187, obviate
188, fete
189, euphoria
190, guru
191, contemporaneous
192, concierge
193, concatenation
194, nepotism
195, zealot
196, zany
197, Zeitgeist
198, zephyr
199, zero in
200, yoke
201, waif
202, probity
203, cupidity
204, melee
205, sophist
206, milieu
207, dulcet
208, odoriferous
209, maelstrom
210, fracas
211, carrion
212, carcass
213, cabal
214, cachet
215, vortex
216, peroration
217, glib
218, plausible
219, puissant
220, gruel
221, bombastic
222, tithe
223, denouement
224, fortitude
225, gist
226, malaise
227, agog
228, agape
229, nebula
230, rancid
231, euthanasia
232, censorious
233, recondite
234, abstruse
235, sashay
236, bellicose
237, cathartic
238, clique
239, guileless
240, sinuous
241, regatta
242, countermand
243, salubrious
244, frenetic
245, importune
246, imbroglio
247, imp
248, slake
249, apposite
250, precinct
251, tourniquet
252, convivial
253, truculent
254, mendicant
255, slick
256, factitious
257, fictitious
258, limn
259, commensurate
260, nuance
261, nostalgia
262, naive
263, naivete
264, disparity
265, equanimity
266, atavistic
267, hypocrite
268, hypothesis
269, hypochondriac
270, hypodermic
271, gestate
272, resplendent
273, voluble
274, ersatz
275, obsolescent
276, surly
277, arid
278, polyglot
279, homespun
280, alliteration
281, arbitrary
282, pedantic
283, virulent
284, reprobate
285, traduce
286, goad
287, jostle
288, sanctimonious
289, bemused
290, unabashed
291, pliant
292, billowing
293, bedizen
294, delineate
295, evolutionist
296, ornery
297, quandary
298, inimitable
299, promulgate
300, contusion
301, psychosis
302, stalemate
303, effeminate
304, expiate
305, beatific
306, awl
307, tureen
308, careen
309, sociopath
310, alimony
311, motley
312, insensate
313, pandemic
314, simper
315, mortician
316, masochist
317, philistine
318, renegade
319, plumb
320, abattoir
321, plethora
322, pastiche
323, cenotaph
324, mezzanine
325, privation
326, bacchanalian
327, congeal
328, execrable
329, cornucopia
330, discombobulated
331, protuberance
332, palimpsest
333, verisimilitude
334, gaudy
335, extemporaneous
336, beseech
337, ominous
338, incredulous
339, halcyon
340, palliative
341, placid
342, furor
343, pantomime
344, motif
345, quatrain
346, dreary
347, recant
348, camouflage
349, verdant
350, parley
351, palaver
352, essay
353, empirical
354, stratify
355, bemoan
356, aggrandize
357, aperture
358, diagnostic
359, ambrosia
360, wilderness
361, hubris
362, haughty
363, hauteur
364, sundry
365, miscellaneous
366, provender
367, verve
368, theology
369, temperate
370, disparate
371, lexicon
372, deify
373, leeway
374, antecedent
375, precarious
376, prevaricate
377, tergiversate
378, fulminate
379, syndrome
380, acquiesce
381, menagerie
382, diadem
383, astringent
384, elysian
385, brocade
386, incinerate
387, addle
388, effete
389, clangor
390, parry
391, plague
392, dissident
393, antebellum
394, viand
395, prophylactic
396, sere
397, adventitious
398, commiserate
399, creed
400, churlish
401, apocryphal
402, philology
403, flourish
404, phalanx
405, accord
406, fulsome
407, anarchist
408, denigrate
409, fulcrum
410, certitude
411, saucy
412, passe
413, disingenuous
414, tenet
415, rampart
416, anterior
417, sycophantic
418, languor
419, moiety
420, frisson
421, scurrilous
422, febrile
423, kosher
424, slack
425, caravan
426, eleemosynary
427, boondoggle
428, embryonic
429, manifestation
430, brace
431, autochthonous
432, vindictive
433, vindicate
434, renege
435, tintinnabulation
436, prestidigitation
437, montage
438, cohort
439, calumny
440, vestige
441, thesis
442, acerbity
443, rotundity
444, coeval
445, cant
446, abnegate
447, dearth
448, demographic
449, litotes
450, malapropism
451, expatriate
452, ligament
453, mote
454, lien
455, moratorium
456, kudos
457, hiatus
458, sybaritic
459, wangle
460, modality
461, absquatulate
462, tantamount
463, adroit
464, polarize
465, wiggle
466, neophyte
467, ember
468, inveterate
469, consul
470, urbane
471, threadbare
472, gnaw
473, tardy
474, tawdry
475, pejorative
476, theocracy
477, inscrutable
478, indubitable
479, rejuvenate
480, prodigal
481, prodigy
482, unctuous
483, gawk
484, squalid
485, squall
486, squalor
487, sordid
488, opera
489, plausible
490, jingoism
491, egoism
492, aneurysm
493, bedlam
494, vignette
495, feckless
496, liturgy
497, attrition
498, regalia
499, paraphernalia
500, fortuitous
501, pogrom
502, intransigence
503, dilettante
504, loquacious
505, spate
506, hiatus
507, comity
508, utopia
509, dystopia
510, litany
511, decrepitude
512, hubris
513, ramshackle
514, pecuniary
515, harangue
516, promulgation
517, acrid
518, pique
519, aegis
520, cask
521, interloper
522, pestilence
523, conformist
524, eddy
525, punitive
526, caper
527, antiquated
528, recrimination
529, aficionado
530, aural
531, avuncular
532, testy
533, zany
534, zeugma
535, zilch
536, unconscionable
537, conscientious
538, mausoleum
539, maudlin
540, macabre
541, stodgy
542, a priori
543, vapid
544, fetid
545, polemic
546, finicky
547, timorous
548, premiere
549, cohere
550, recumbent
551, engender
552, expiate
553, declaim
554, insurrection
555, emend
556, emeritus
557, gruff
558, scourge
559, reverie
560, repercussion
561, soliloquy
562, mea culpa
563, machete
564, temerity
565, distrait
566, distraught
567, protean
568, languid
569, modality
570, rapine
571, pablum
572, credible
573, credit
574, felicity
575, efficacy
576, imperturbable
577, antipathy
578, assuage
579, laconic
580, aver
581, decorum
582, irascible
583, parochial
584, tread
585, nonpareil
586, confrere
587, tempestuous
588, philology
589, modality
590, verdure
591, sidereal
592, salubrious
593, invective
594, condone
595, egregious
596, eclectic
597, affidavit
598, pleonasm
