,try
0,0%
1,0% risk
2,777
3,99%
4,99.90%
5,100%
6,100% more
7,#1
8,$$$
9,100% free
10,100% satisfied
11,4U
12,50% off
13,Accept credit cards
14,Acceptance
15,Access
16,Access now
17,Access for free
18,Accordingly
19,Act Now
20,Act immediately
21,Action
22,Action required
23,Ad
24,Additional income
25,Addresses on CD
26,Affordable
27,Affordable deal
28,All natural
29,All new
30,Amazed
31,Amazing
32,Amazing offer
33,Amazing stuff
34,Apply here
35,Apply now
36,Apply Online
37,As seen on
38,At no cost
39,Auto email removal
40,Avoid
41,Avoid bankruptcy
42,Bargain
43,Be amazed
44,Be surprised
45,Be your own boss
46,Believe me
47,Being a member
48,Beneficiary
49,Best bargain
50,Best deal
51,Best price
52,Best offer
53,Beverage
54,Big bucks
55,Bill 1618
56,Billing
57,Billing address
58,Billionaire
59,Billion
60,Billion dollars
61,Bonus
62,Boss
63,Brand new pager
64,Bulk email
65,Buy
66,Buy now
67,Buy direct
68,Buying judgments
69,Cable converter
70,Call
71,Call free
72,Call me
73,Call now
74,Calling creditors
75,Can’t live without
76,Cancel
77,Cancel at any time
78,Cancel now
79,Cancellation required
80,Cannot be combined with any other offer
81,Cards accepted
82,Cash
83,Cash out
84,Cash bonus
85,Cashcashcash
86,Casino
87,Celebrity
88,Cell phone cancer scam
89,Cents on the dollar
90,Certified
91,Chance
92,Cheap
93,Check
94,Check or money order
95,Claims
96,Claim now
97,Claim your discount
98,Claims not to be selling anything
99,Claims to be in accordance with some spam law
100,Claims to be legal
101,Clearance
102,Click
103,Click below
104,Click here
105,Click now
106,Click to get
107,Click to remove
108,Collect
109,Collect child support
110,Compare
111,Compare now
112,Compare online
113,Compare rates
114,Compete for your business
115,Confidentially on all orders
116,Congratulations
117,Consolidate debt and credit
118,Consolidate your debt
119,Copy accurately
120,Copy DVDs
121,Costs
122,Credit
123,Credit bureaus
124,Credit card offers
125,Cures
126,Cures baldness
127,Deal
128,Dear [email/friend/somebody]
129,Debt
130,Diagnostics
131,Dig up dirt on friends
132,Direct email
133,Direct marketing
134,Discount
135,Do it now
136,Do it today
137,Don’t delete
138,Don’t hesitate
139,Dormant
140,Double your
141,Double your cash
142,Double your income
143,Double your wealth
144,Drastically reduced
145,Earn
146,Earn $
147,Earn extra cash
148,Earn money
149,Earn monthly
150,Earn from home
151,Earn per month
152,Earn per week
153,Easy terms
154,Eliminate bad credit
155,Eliminate debt
156,Email extractor
157,Email harvest
158,Email marketing
159,Exclusive deal
160,Expect to earn
161,Expire
162,Explode your business
163,Extra
164,Extra cash
165,Extra income
166,Extract email
167,Fantastic
168,Fantastic deal
169,Fantastic offer
170,Fast cash
171,Fast Viagra delivery
172,Financial freedom
173,Financially independent
174,For free
175,For instant access
176,For just $ (some amount)
177,For just $xxx
178,For Only
179,For you
180,Form
181,Free
182,Free access
183,Free bonus
184,Free cell phone
185,Free consultation
186,Free DVD
187,Free gift
188,Free grant money
189,Free hosting
190,Free info
191,Free information
192,Free installation
193,Free instant
194,Free investment
195,Free iPhone
196,Free leads
197,Free Macbook
198,Free membership
199,Free money
200,Free offer
201,Free preview
202,Free priority mail
203,Free quote
204,Free sample
205,Free trial
206,Free website
207,Freedom
208,Friend
209,Full refund
210,Get
211,Get it now
212,Get out of debt
213,Get paid
214,Get started now
215,Gift certificate
216,Give it away
217,Giving away
218,Great
219,Great deal
220,Great offer
221,Guarantee
222,Guaranteed
223,Guaranteed deposit
224,Guaranteed income
225,Guaranteed payment
226,Have you been turned down?
227,Hello
228,Here
229,Hidden
230,Hidden assets
231,Hidden charges
232,Hidden fees
233,High score
234,Home
235,Home based
236,Home employment
237,Home based business
238,Human growth hormone
239,Huge discount
240,Hurry up
241,If only it were that easy
242,Important information regarding
243,Important notification
244,In accordance with laws
245,Income
246,Income from home
247,Increase sales
248,Increase traffic
249,Increase your chances
250,Increase your sales
251,Incredible deal
252,Info you requested
253,Information you requested
254,Instant
255,Instant earnings
256,Instant income
257,Insurance
258,Internet market
259,Internet marketing
260,Investment
261,Investment decision
262,It’s effective
263,Join millions
264,Join millions of Americans
265,Junk
266,Laser printer
267,Leave
268,Legal
269,Legal notice
270,Life
271,Life Insurance
272,Lifetime
273,Lifetime access
274,Lifetime deal
275,Limited amount
276,Limited number
277,Limited offer
278,Limited supply
279,Limited time
280,Limited time offer
281,Limited time only
282,Loan
283,Long distance phone offer
284,Lose
285,Lose weight
286,Lose weight spam
287,Lower interest rates
288,Lower monthly payment
289,Lower your mortgage rate
290,Lowest insurance rates
291,Lowest price
292,Lowest rate
293,Luxury
294,Luxury car
295,Mail in order form
296,Maintained
297,Make $
298,Make money
299,Marketing
300,Marketing solutions
301,Mass email
302,Medicine
303,Medium
304,Meet girls
305,Meet me
306,Meet singles
307,Meet women
308,Member
309,Member stuff
310,Message contains
311,Message contains disclaimer
312,Million
313,Millionaire
314,Million dollars
315,Miracle
316,MLM
317,Money
318,Money back
319,Money making
320,Month trial offer
321,More Internet Traffic
322,Mortgage
323,Mortgage rates
324,Multi-level marketing
325,Name brand
326,Never
327,Never before
328,New customers only
329,New domain extensions
330,Nigerian
331,No age restrictions
332,No catch
333,No claim forms
334,No cost
335,No credit check
336,No deposit required
337,No disappointment
338,No experience
339,No fees
340,No gimmick
341,No hidden
342,No hidden сosts
343,No hidden fees
344,No interests
345,No inventory
346,No investment
347,No investment required
348,No medical exams
349,No middleman
350,No obligation
351,No payment required
352,No purchase necessary
353,No questions asked
354,No selling
355,No strings attached
356,No-obligation
357,Not intended
358,Not junk
359,Not scam
360,Not spam
361,Now
362,Now only
363,Number 1
364,Number one
365,Obligation
366,Offshore
367,Offer
368,Offer expires
369,Once in lifetime
370,Once in a lifetime
371,One hundred percent free
372,One hundred percent guaranteed
373,One time
374,One time mailing
375,Online biz opportunity
376,Online degree
377,Online job
378,Online income
379,Online marketing
380,Online pharmacy
381,Only
382,Only $
383,Open
384,Opportunity
385,Opt in
386,Order
387,Order now
388,Order shipped by
389,Order status
390,Order today
391,Outstanding values
392,Passwords
393,Pennies a day
394,Per day
395,Per month
396,Per week
397,Performance
398,Phone
399,Please read
400,Potential earnings
401,Pre-approved
402,Presently
403,Price
404,Price protection
405,Print form signature
406,Print out and fax
407,Priority mail
408,Prize
409,Problem
410,Produced and sent out
411,Profits
412,Promise
413,Promise you
414,Purchase
415,Pure profits
416,Quote
417,Rates
418,Real thing
419,Refinance
420,Refinance home
421,Refund
422,Removal
423,Removal instructions
424,Remove
425,Removes wrinkles
426,Request
427,Request now
428,Request today
429,Requires initial investment
430,Reserves the right
431,Reverses
432,Reverses aging
433,Risk free
434,Risk-free
435,Rolex
436,Round the world
437,S 1618
438,Safeguard notice
439,Sale
440,Sample
441,Satisfaction
442,Satisfaction guaranteed
443,Save $
444,Save money
445,Save now
446,Save big money
447,Save up to
448,Score
449,Score with babes
450,Search engine listings
451,Search engines
452,Section 301
453,See for yourself
454,Sent in compliance
455,Serious
456,Serious cash
457,Serious only
458,Serious offer
459,Shopper
460,Shopping spree
461,Sign up free today
462,Social security number
463,Solution
464,Spam
465,Special deal
466,Special discount
467,Special for you
468,Special offer
469,Special promotion
470,Stainless steel
471,Stock alert
472,Stock disclaimer statement
473,Stock pick
474,Stop
475,Stop calling me
476,Stop emailing me
477,Stop snoring
478,Strong buy
479,Stuff on sale
480,Subject to cash
481,Subject to credit
482,Subscribe
483,Subscribe now
484,Subscribe for free
485,Success
486,Supplies
487,Supplies are limited
488,Take action
489,Take action now
490,Talks about hidden charges
491,Talks about prizes
492,Teen
493,Tells you it’s an ad
494,Terms
495,Terms and conditions
496,The best rates
497,The following form
498,They keep your money — no refund!
499,They’re just giving it away
500,This isn’t a scam
501,This isn’t junk
502,This isn’t spam
503,This won’t last
504,Thousands
505,Time limited
506,Traffic
507,Trial
508,Undisclosed recipient
509,University diplomas
510,Unlimited
511,Unsecured credit
512,Unsecured debt
513,Unsolicited
514,Unsubscribe
515,Urgent
516,US dollars
517,Vacation
518,Vacation offers
519,Valium
520,Viagra
521,Vicodin
522,VIP
523,Visit our website
524,Wants credit card
525,Warranty
526,Warranty expired
527,We hate spam
528,We honor all
529,Web traffic
530,Website visitors
531,Weekend getaway
532,Weight
533,Weight loss
534,What are you waiting for?
535,What’s keeping you?
536,While available
537,While in stock
538,While supplies last
539,While you sleep
540,Who really wins?
541,Why pay more?
542,Wife
543,Will not believe your eyes
544,Win
545,Winner
546,Winning
547,Won
548,Work from home
549,Xanax
550,You are a winner!
551,You have been chosen
552,You have been selected
553,Your chance
554,Your income
555,Your status
556,Zero chance
557,Zero percent
558,Zero risk
